-0.136473103491322,0.344784219140287,-1.12859562673388,0.120229347939328,-0.0672054873207166,-0.182278537638522,0.0161576341736149,-0.128418374473508,-0.0659680234128643,-0.0593165852111498,0.252181961432396,0.038730891238268,-0.238753651237917,-0.282171111116684,-0.0192706833967957,0.200985956714884,-0.200039121469421,0.763445745884551,0.0781632201596074,-0.140622228514262,-0.043511557076209,-0.583187894388946,0.0482609134002438,0.399617405297225,-0.0843467245042576,-0.350856060497489,0.0832822004294731,-0.166953119138326,-0.0146320749285268,-0.150320182284907,0.226891598944164,0.0390481495530362,-0.0295854342758127,-0.128356799583307,-0.252756762737815,-0.103109647987355,0.0642809532755655,-0.104342260663884,-0.221961179546398,-0.179371779175354,-0.143345804534579,0.0428636022718124,-0.307709394035229,0.204788567785297,0.175270401337076,-0.366975260304145,0.192056854732966,-0.00592266832836269,-0.0583304150029744,0.112667348664259
-0.110077759681712,0.215875614884366,-0.968927548644408,0.206845659836268,0.202363108611481,-0.222165810988042,-0.0736826977239912,0.0375614838784789,-0.0919649598109414,0.141375975870917,-0.32464280298859,0.194229453766894,-0.0328528090965532,-0.0234842907412791,0.148509717940302,-0.00123095997284487,0.134783911949989,-1.68162064796629,0.224514717631031,0.125186329286271,-0.0492689761753657,-0.193355755921688,0.0781432746789829,0.185187383380679,0.221335997360992,0.114995809284167,-0.342169811571348,0.025191840291771,0.145117453116585,0.119567181184977,-0.00596060594540256,0.249350126711536,-0.0558323429137159,-0.13058608952127,0.0615834112063015,0.0512359909034575,0.33822970282419,-0.222981384620739,0.199330323067777,0.00979490106575527,-0.202092013116275,0.0340174697964164,-0.0467032847851969,0.293393994815609,-0.0745776623123985,-0.285799408255969,-0.0492900279789691,-0.122139385305559,0.0282028268722505,-0.201052051540391
0.0266917907063048,0.193592254759259,-0.184421214213221,0.0665511381773313,-0.0180336223837685,-0.013964887789788,-0.376023402179788,-0.136330658218581,-0.4006339997347,-0.0391252313164441,-0.314218494639571,0.130092978766345,-0.124255951999866,0.144770639217779,0.0594100544936344,0.184683497129675,-0.097401780764917,1.01473417675505,-0.0889646489578299,0.0733483449005459,-0.248299945121121,0.0850493555844959,0.026506771280237,0.0581828343670844,0.0978432093611087,-0.1047239248319,0.00299095015878899,0.087217595157901,-0.0218899759099499,-0.0250973387272073,0.410530494286145,0.238952278955708,-0.0715047857044967,-0.279139663363953,-0.211852734591338,0.271066577556624,-0.0881244018781104,-0.0943939335128763,0.007384264205777,0.112949688435307,-0.172058650965175,-0.0207385040391125,-0.0216805375114455,-0.0986570676934864,-0.121181846795623,-0.206551040155219,0.0318715002406396,0.000848508620452114,0.0635230835535569,-0.043358511057552
-0.113072689037484,-0.0295197248370907,-0.122708530425842,-0.224363655585738,-0.0247621183199564,0.371341745588929,0.0295006055047103,0.202492201794252,-0.346849998461818,0.234585989131901,0.459308883918049,0.0226311079038171,-0.0225531385511863,-0.121601862902913,-0.0717996420095445,-0.241140366863372,-0.0738201884498012,0.935453233499044,-0.122159911277042,-0.201636597727269,0.138097261984701,-0.642778463999378,0.066903603262575,0.124647313075863,0.047796680701841,0.164458687850087,-0.0618606051418584,0.17783335674635,0.0271500520030425,-0.152228066533678,-0.148100679778583,0.066763657766532,-0.0240161118155331,0.0617425748839261,-0.0234096126032233,-0.267148098922417,0.0262255804729075,-0.184555701419967,0.185161051233971,0.0218727893123899,-0.0133028441340464,0.111205064165462,-0.0886401481266366,0.0303051154721327,0.15620316410359,-0.1156074167927,0.144495950242914,-0.0473557974446749,-0.00147217096624095,0.0116840505439866
-0.030394815459428,0.192601911777786,0.568603094012316,-0.121533052827963,-0.143111116820816,-0.0776185928158437,0.180720268557534,-0.214176417944156,-0.245290204445459,0.187500241540417,-0.354339107851757,-0.0856243349723915,-0.176023862895008,0.181099802037028,0.0166602658454912,0.430211875980433,0.0503529422952221,2.21898317462377,-0.430267813191265,-0.590590282851727,0.0511148379047648,0.4515757184365,-0.0844285041970598,0.0293225487604577,0.409311341269309,-0.151856971117055,-0.123764752447675,0.0450544866003465,-0.1642635217572,0.0388085642554792,0.125346667703109,-0.195688997843971,0.101036119328095,0.201812896595341,0.0980201841834919,-0.0726320632064319,-0.202239744577563,0.107641814458504,-0.0992653040012437,-0.0229357978290248,0.0555936864166033,-0.0215256430318848,0.0202038278570472,-0.0452171350986485,0.00147233499479759,-0.691214794407417,0.0560395740144919,-0.206095986988665,0.00961198746491424,0.135479751909092
-0.0805051761463044,0.187153494901315,0.079653116897258,-0.389893236959494,0.169101166965553,0.545723437824651,-0.00287582915969378,-0.300078177739182,0.122927962018498,-0.208207429336124,0.293504336539406,-0.18623371771489,0.133046124227133,0.0158829193992898,0.416454351021951,-0.233349160782927,0.239171666443003,-0.773070324075926,-0.232000298524545,0.400198654977118,-0.0544453251007282,-0.803802427201971,-0.0469923637132392,-0.137495461874682,0.298309034499844,0.102459235430163,-0.128547965607808,0.0353994122365834,0.0659542620175558,-0.0295079847587466,0.0493619906101704,0.0925696867110251,0.228000375151794,0.269763349440716,0.0528918743011801,-0.269610085576601,0.0609433150125393,-0.0734210550436369,0.40907423914041,0.0795556612305233,0.132608824258234,0.226661148928419,-0.10143567595914,-0.0565284168199611,-0.00428405134276039,0.170341642972494,-0.050118083488845,0.0124131083925038,-0.0150309065518758,-0.29510876232638
0.202091863137275,-0.0844204461987293,0.461464408343512,-0.235634219874911,0.0491883281664247,-0.200403866771597,-0.254871655641673,0.201048029291343,-0.203088184813718,-0.440217228027216,0.157984567089413,-0.114878312911466,-0.150597578688379,-0.281588946286604,0.0946391392502327,0.045556534300453,0.117218382624715,1.48280099787714,-0.0652561517221311,-0.139564867261521,-0.05043377892506,0.316663752046979,0.0481258568707664,0.217451562330458,-0.110062970756452,0.0145555116550729,-0.0694422809976939,0.122736468018601,-0.0844082095254663,0.0315639847042285,-0.0108891919603106,0.204996874474915,-0.144418950112635,0.0294229545485855,0.114620407072364,0.234677800113606,-0.100586018516702,-0.0942855209070679,-0.472973459601776,-0.00976396732910518,0.093052042685683,-0.119885635363067,-0.101702612019306,0.581845328643487,0.127624935587888,-0.602866400204861,-0.00600243300085078,-0.534143273226755,-0.0168840707317048,0.206506459775638
0.0117291207798167,-0.278723936604989,0.481457312478376,0.140821080509189,0.187419838968735,-0.0321376680445198,0.146554006837166,-0.0932213002430281,0.154375806966656,-0.362753444066394,0.293475032724437,-0.0343504795771489,-0.0279842375984225,-0.0451362460940897,-0.406205257619192,-0.0581516708537563,-0.103512479396216,-0.389619957433287,0.331252631138709,0.0934966772087294,-0.00639475855861555,-0.20046523669593,-0.102480693967291,-0.0813489680940249,-0.00725199494775169,-0.00449272618701034,0.112924529013653,0.219963479972221,0.137060510485991,-0.173492677005241,-0.127020736605961,0.166939118928107,-0.0129848681452223,0.268468885336646,0.070397754550562,0.074161852936122,0.175855175573243,-0.188407004661243,-0.233701797635425,-0.173892468955351,0.195956045439925,-0.050723617172066,0.0337016435655521,0.184754418914185,0.110610966810838,0.179422149569235,-0.139440407561576,-0.150031169082892,-0.0225499811573267,-0.089885251961851
0.0843677777135889,0.0715739952974349,0.0923819104720925,-0.0999720114998414,-0.0158656664706025,0.0563205037160097,0.203983309753366,0.00515587379048631,0.193040002470815,-0.119493271960497,0.371148504000705,0.175282922285554,0.0861041416500473,0.0199958889372011,-0.135294520031419,-0.292890220835951,-0.0800961621798567,-0.50809752883029,0.411229112432296,-0.0601332928342342,-0.0965574593472264,0.266892327924858,0.0992174392065027,-0.0516651577815779,-0.136892277724402,-0.0814385482960604,-0.153299880974943,0.0400196672884181,-0.0980276026013213,0.112583746141057,0.0331927540855312,0.129284100120444,0.0703893221098908,0.0874836243194361,-0.22569473916157,-0.0902829147990895,0.169968925069486,0.22246227206586,-0.0344008386701843,-0.131876507543949,-0.0966330574367192,0.148481882013181,0.0176245609376605,0.238560979997431,0.08588949423596,-0.0938284549149397,-0.150717250388665,0.213611581213668,0.139155752041932,-0.057935003471441
0.432162542193493,0.112886852827549,-0.191863666290432,0.228302428852079,-0.0353491248697023,0.0385594421139741,-0.0694567871332342,-0.00633561801272715,0.0794873034266765,-0.108063485713514,0.167329635710852,0.0116903511484705,0.0603648134449001,0.114024429879925,-0.133681973996209,0.659085238656162,0.415820968573073,0.2779906626076,0.0937044752427956,-0.0447630329922392,-0.0962369091760898,-0.0243512174501617,-0.127989632549404,0.0642377146316836,-0.065208267978733,0.195338672173266,-0.261699082622503,0.102116290884417,0.0892656928876665,-0.0822878987372893,0.0675357733767437,0.0136777095045164,-0.102817484461465,0.123138144578568,-0.0405990153263394,0.0636858209573524,-0.128096507546412,0.0483293719755237,0.206249246581868,-0.296348479282787,-0.12659109795252,-0.0238975117414948,-0.21433060587119,-0.397628368056553,0.134758580958797,-0.177599126521811,-0.00539535136857428,-0.075260287011512,-0.129123480745127,0.0926650394160861
0.232641389615786,-0.0196795218091668,0.128753453174439,0.0774927940204464,0.0139865884435206,-0.140251976053974,0.173196578552975,-0.234920837511177,0.739576203172246,-0.20038460401988,-0.39134301818028,-0.0513644419738769,0.195089747876023,0.218169662649808,0.170895424989154,0.0241494007193171,0.115957414751707,-2.41962409510679,0.083708487936358,0.330022885039952,-0.119456577649246,-0.244601151653459,0.159536778912569,0.343132319130701,-0.00768320198164251,-0.143841046581684,0.134828141844339,-0.0767463476794902,0.0510381838912742,0.223575886590834,0.0339475643081085,0.0285143325503839,0.236224485624528,0.0676530008624703,-0.171742125348192,0.0191883576152642,0.283457998713735,-0.0398267523066236,0.472265464905625,0.0349884790186038,-0.0514703351733547,-0.20058719666203,-0.0443355901277256,0.16509794101502,0.20942948269165,0.476798926681636,-0.155434934871192,0.276662184241095,0.0538924336179615,-0.0464569767842549
-0.300223923059547,-0.0101616606124707,0.837764092738072,-0.00878358339813532,-0.146059856479847,-0.0620499576863127,0.114780565649846,0.072402043487776,-0.0990854738590423,0.058000205229257,0.106849912925826,-0.115404812806579,-0.404020973196616,0.0815610204815749,0.198661578992526,-0.0330906324649114,0.0396842913347722,0.0187729257548591,0.325330180957045,-0.21349556423497,0.0865388313792242,-0.139305070988328,0.0743103356716453,-0.0776816181177277,-0.138413383517503,-0.123168985838463,0.136291899022324,-0.25882445633201,-0.03242535191183,-0.024964291579884,-0.514195238058351,-0.102727702192819,0.195531295765963,-0.0884187787966492,0.0412882381362899,0.108176559363771,-0.0230250691927289,0.156838612984337,-0.090401976682139,-0.167146650700716,0.0171189708800698,-0.157833018714244,-0.136417472912738,0.270976530546832,-0.0606731085804179,0.320573635032143,-0.109613741145802,0.0586181890356128,-0.101611761637301,-0.0756203261395984
0.0726138808641324,-0.195596037689652,-0.415621891173788,-0.12213661476557,0.0640123851922286,-0.296930055496705,-0.0234592028575303,-0.163726178707996,0.269387808945395,-0.190988467542532,-0.37478109320789,-0.0838367285513496,-0.0320987252950556,-0.0654239202952756,-0.0541706012121486,-0.283245228951799,0.0208815119335018,1.05722701202689,-0.0461466932278103,-0.115000976394742,0.0278569021817825,0.0726648301609762,-0.136635551319936,0.246932264334293,0.0961423163249597,0.0846860695010132,-0.174346971280731,0.036630899049671,0.0832254981773338,-0.120145758835636,-0.00773013019721449,-0.151359264703007,0.0877212976627656,0.269985395708477,-0.204389717228521,-0.268465962046923,-0.181580268187979,-0.0117706998615065,-0.462050995710254,0.302456905746648,-0.052837065180187,0.0567256735883258,0.0370794066548198,-0.0446183574426624,-0.212077590270128,-0.183759004923056,-0.0599475821635098,0.075568577052324,0.0527533535264689,0.316551792753883
0.113239049745389,-0.155065509131241,0.296075074098474,0.558031127864995,-0.0766041204788805,-0.276340800168601,0.239939360021676,-0.341772912872736,-0.017513864379612,0.159985862587704,-0.0236748293994082,0.0169544717547882,-0.270874773530511,-0.0601667200373448,-0.0212417197576023,0.0315389131374155,0.064260088895067,-0.568809471289849,-0.297605456201392,0.0802494769407424,-0.135023159055284,0.121355459246888,-0.0290127478165271,0.180683791030821,0.281984358226079,0.0606328091076741,-0.0206964112911178,-0.0079286841722302,0.0308331498251228,-0.252964367459045,0.352562893541876,0.0567717822689311,-0.142430808274451,-0.158196848198353,0.0278284224377571,-0.251621500822866,0.232890365792421,0.0519643828538498,-0.0423658917876383,0.135488660880699,0.311925322411963,0.105538500836218,0.247443036713015,-0.35186855917353,-0.0937079514589255,0.0843449311856644,0.0419004979231413,-0.108894414941281,0.00840902098738179,-0.428036614393661
-0.0389050291621436,0.101489033700851,-0.0525031441754222,-0.34617420689188,0.13694327315152,0.182426243889635,0.00409516087956312,-0.00356553961284034,-0.230030828781936,-0.257569884881368,-0.0227751774641663,0.0902202944593445,-0.148465594154116,0.204247754844013,0.110525765979069,-0.201146054730076,-0.169338917383045,-0.524354520445858,-0.0860073932849291,-0.0283139917340841,0.115360911967526,0.0389231691878965,0.155188596400906,-0.17569227514925,-0.0828869720406713,-0.0666442738827781,-0.284745925436156,-0.0358097600341408,-0.114873153324526,0.0136864051368122,0.48129862661418,-0.385865171901414,-0.0478661151001975,0.115666403125417,0.0551280962652246,-0.145535944767877,-0.010794770568146,0.149227463819141,0.335217242771821,0.113529819490624,-0.21621551376344,0.00266754528506303,0.0127433038061929,-0.159366681863157,-0.045366990003519,0.212032572803082,-0.163647547841697,-0.250286240948336,-0.129914738269002,0.139658831927149
-0.235499724773572,-0.0141086169744204,-0.728604685252518,0.162721273503518,0.236355468935263,0.102939168683024,0.143508714251872,0.0443641759702921,0.279223342018665,0.153254455276249,-0.326584437381443,-0.064284042326749,-0.129638777358616,-0.269257818649643,0.341775083156165,0.028777834366155,0.216683975816722,-1.98974881712832,0.552701739754985,0.134959829978295,0.0640080563924658,0.441315853808188,-0.0208009860287302,0.00383149949390487,0.167040851663037,0.256413036005423,-0.0232549300476545,0.0640721871572254,-0.151990183053836,0.325611024543291,0.118495123364347,-0.0519789393563015,0.131642361596041,-0.163293770812829,-0.087641174978696,0.177459469909828,0.224429637806421,0.190190585622631,-0.148135753438637,-0.0188746961235091,-0.0559708870916703,0.240511366041336,0.228224518485638,0.146597764875798,0.00803243038058703,0.0785929357796418,0.0657515179708724,0.212045722935394,-0.09686375257471,-0.0083774635422868
-0.361084825548437,0.114473566930341,0.309343845160979,0.238706806199148,0.005168116350597,0.133068747074125,0.162481084216265,-0.0231831922813978,-0.0188269052144424,-0.510787277430072,0.353084884957438,-0.0392878911393853,-0.132087652810647,0.310387754051479,0.346800978689152,0.00818808173837521,0.0508745620724891,-1.40477706741027,0.0491626671119207,0.404704905554352,-0.128413404766999,-0.329651983319224,0.0723466425864728,-0.203172197670068,-0.440085787796986,-0.0923422800516341,0.156615971546839,0.135511649997111,0.165321705077828,0.300998899499443,0.00331701731786222,0.00219558759034624,-0.0996075191605654,0.0240967581343088,0.0537670444735561,0.103415910418827,0.315726953205428,-0.0569631937426946,0.0619316426400173,-0.119702245309724,0.052838721884869,-0.201678457643337,0.101413637565428,0.242799513298037,0.29815396078908,0.182133785658575,0.0740228220613948,0.0999319779711117,-0.148537099279796,0.134264440235826
-0.168824077716376,0.177782441714905,0.201838701747721,0.014708525384681,0.0417285702178636,0.164956372904492,0.0400272201274883,-0.173431907430211,-0.185041756925596,0.108460659027482,0.0499380376883066,0.169001618746531,-0.00592999634746795,0.0456878373041196,-0.00903932346572131,0.0443285041358076,-0.407228786120979,0.379395605526049,-0.151656402849448,-0.0433856130358888,0.009867764023054,-0.0879224724135151,0.112663525658801,-0.202370060841127,0.176077344498606,-0.250125106936897,-0.247011409307683,0.225817161979324,-0.0486611645395862,-0.0800455341400931,0.0439011689932586,-0.225223707618206,-0.131908582333872,0.277617866960373,-0.031715892945623,0.0976538977153211,-0.148721417625706,-0.00262861962732969,0.196545932709247,-0.258106322650849,-0.0441881987165314,0.0193190115362312,0.0215282461499853,-0.182498078550186,0.0609694841531788,-0.415228150538325,-0.0299785408124623,0.273999145477813,-0.140715313011337,-0.0431797157171584
0.164773746175101,0.412665589086938,0.0504014279270313,0.265961307241423,-0.116800502482479,-0.0332162604698709,-0.0378129504869398,-0.024424175222077,-0.495301673841018,0.034658893276515,-0.0987699382612031,0.117840419246956,-0.2130900547579,-0.092501671540804,-0.327538369995453,0.155525711707709,-0.000705277150420356,2.78772320519452,-0.13645042553896,-0.38452843588101,0.0597116761774377,0.514790323915023,0.0364935918481695,0.198739615749005,0.098337823147798,-0.217674379394458,0.271295393270403,0.0918019835931216,0.104032139001548,-0.0335429661974628,0.236537214457223,0.0873518375128058,-0.17353181276289,0.353895200654186,0.00939745646815008,0.27059592767276,-0.395766951463708,0.0727541071456181,-0.707597383595762,0.0199429053497409,-0.102642186538271,-0.0316960653534225,-0.139182232501996,-0.0196220265281715,-0.200829256127632,-0.511576761053165,0.0297527116553815,-0.693104655618208,-0.182565094773849,-0.0744988999210449
-0.201183722824102,0.270188457099858,0.283471020448661,-0.017216799699319,0.076483985249719,0.190253486622175,0.0644605416248605,-0.0709555553962521,0.0762851096747461,0.167805334915717,0.402998826026378,-0.0704709826475653,-0.0105615832210246,-0.193661314924948,0.0626506491519564,-0.059398655660637,-0.179412468132348,-1.59582958796667,0.043963224233562,0.452553335696361,0.036341783931127,0.168134882015251,-0.058323944273831,-0.196346479394657,-0.0631009801762041,-0.254978220260802,-0.121866786786622,0.365110367293631,0.0474955258926539,0.202019998669594,-0.137544937190146,0.0310510514462788,0.0618956488108998,0.0658967375187329,0.0856023527101162,-0.176044069165402,0.365361732935424,-0.225975363955685,0.0934858852703755,0.130249499878929,-0.239993467300066,0.0173074244094205,0.126039629680157,0.0843395327893233,-0.0622976846521889,0.35041950256182,0.09948180738275,0.0147063734353038,0.0468590371677229,-0.0252135482002779
-0.0836829586409531,0.0723862784704498,-0.300708025443895,-0.0595553188355814,-0.0457820362583157,-0.275580129940043,0.0866651291734079,0.134918634644213,-0.496620611220548,0.162419037152431,0.265585928910428,0.00366241222976097,-0.0146599799743486,0.0838131795111297,-0.00409638321831952,0.129614138450368,0.0271119126216948,-0.0192790616191959,0.131091645783348,-0.121485386685362,0.131763193048824,-0.872740247936602,0.160896562668833,0.10338826570963,0.0849598929161069,-0.0420607909542143,-0.245484594951926,-0.156090422684516,0.149944634622953,0.000845222839173707,-0.283876410477009,0.172656302311607,0.0544879216547837,-0.111970117538541,-0.209265701640545,-0.127665375480518,0.0728506241637045,0.192668496304943,0.48562143253441,0.0815827808670339,-0.0255654917184212,-0.161799308528541,0.004050701273113,-0.0947884528797328,0.178198607014248,-0.155109994680928,-0.0587238134701964,0.114173374195558,-0.102242426919488,-0.0240701792629289
-0.174617783541277,0.0644444499647468,-0.524890842273292,0.184150489396342,0.342106947858983,0.05898718567449,0.059424842390424,0.0415803694413355,-0.580346486869197,0.330998207763217,0.376834560213424,0.0295589059849926,0.264144807916389,-0.0229148434080744,0.213554472712251,0.133499755242626,-0.0732399145884065,1.93713416031558,-0.284695739112533,-0.3973687414168,0.0789248362489088,0.0194787208218976,-0.142748287365892,0.0260479732487839,0.298176427084938,-0.0268643403292063,0.171471520580573,0.00775009308725364,0.00483585938942969,-0.20649453735353,0.219188678707368,0.0826738752406612,0.150584315035168,-0.186125600362568,-0.159201465310216,0.0399483439910352,-0.286040209333018,-0.0555861992986991,-0.260319566823383,0.0610362486029388,0.0989552753852256,0.0563536928906207,0.10933117665272,-0.393219099888014,-0.120602187534526,-0.429567846165897,-0.00861424816491707,-0.313853931410161,0.146940922804038,-0.0531287560434992
-0.0280821095571686,0.149468716165983,0.545953942127361,0.0245231072722108,-0.0437755144143688,-0.0974513691864467,0.0121946721428774,0.105638311599221,-0.281483340910791,0.143462536572981,0.231954668097062,-0.0204940178291683,0.164279757479723,-0.157630586732919,0.143428122654157,-0.242211094560842,-0.162664725810799,-0.0842973757468558,-0.100383078211846,0.192356981210795,0.0728513521376229,-0.498298359471835,0.0370903361508177,0.0380286746475043,0.117879651851342,-0.0924582725903934,0.188756533218798,-0.0475360237810185,0.203466972820787,-0.0316488694275701,0.30975320277623,-0.0781420295486963,-0.155487024456538,-0.220583031722235,0.0226235248957671,-0.499710540176585,0.0875294790841855,0.104642252275374,0.123700658519527,-0.105313054375006,0.0102241807024403,-0.0623414525054764,-0.157808327120042,0.172518258931203,0.257005252852309,0.105230226251981,-0.0424742446201369,0.178235741241679,-0.0769930505095523,-0.131605237780398
0.128110588397414,0.119311879498009,-0.436621394531818,-0.106650987818272,0.0216694688414312,0.0155775714527539,-0.0645151345812922,-0.0904569376282649,-0.671591933160004,0.056276745449979,-0.58874251920622,0.182107904576972,0.0137179175958434,0.00421862572887103,-0.0607328935522332,0.18923381614048,0.0360925159063948,3.2660677261651,-0.101841408192359,-0.493831962754453,-0.165243885831717,0.529598339786953,-0.0169419087944014,-0.0372769239417033,0.260577891206326,-0.136079058902418,0.0492138988367496,0.108804544907601,0.0810401312199446,-0.269512510868017,0.175938595772315,-0.112386901173436,0.0548129461983733,-0.243939649894412,-0.0585496599908425,-0.390347332898136,-0.671047684527802,-0.304204605991362,-0.47548860403293,-0.0164865103999895,-0.107025595489655,0.125568803902114,-0.0461579328381025,0.693064534850622,-0.217442020289572,-0.302397847017625,-0.17445281247552,-0.46679312598579,-0.0387678118060899,0.0903070393411205
-0.0716951439583417,-0.128353014845087,0.539546867315684,0.179127914444744,-0.018913369896671,-0.130400241342486,0.0329678096402278,0.00818738856825321,-0.120392287733674,-0.0944345436572904,0.193998407367113,-0.147021095112235,0.0657235672268043,0.00612234968182807,-0.0475412575398916,1.22435231992852e-05,-0.0324110018219706,-0.471153121782562,-0.0129326445370337,-0.0598259614441809,0.040773905184755,-0.154750114729042,-0.00882719884662946,-0.0944714176146329,-0.407086460250767,-0.081026272799494,0.0619598874813191,0.0878354756356815,0.0649546040719046,-0.00714647151478578,0.115020685316731,0.144426362219903,-0.0935111418350762,-0.132592514150986,0.154924534255241,0.247977091209394,0.14408135623706,-0.12282449301876,0.149579539653141,-0.223488343470002,-0.0382479912061818,-0.141751052983128,-0.15448175897243,-0.0525040907969335,-0.135289242621078,0.395574575228169,-0.104493241739479,0.0455639256955762,-0.0655787602937487,-0.203596554376882
0.0265969493950271,-0.603034523456589,0.0499908835426076,0.143792117385255,-0.0574368685927848,-0.160786396797833,0.150452266159891,0.110212272457105,0.515308673645163,0.17534764135764,0.140072242688334,0.0315886268954247,0.22191089122153,0.184204944288831,0.281962704517091,0.166456465709521,0.0675136923420487,-1.91521695628252,-0.0337410804752861,0.0370583907518046,-0.13459363960201,0.094710250965317,-0.0467889006886275,-0.105722942246884,-0.110898493127393,-0.0499545520847378,-0.224789453237562,0.00812033719707589,0.104331913378063,0.0470279213857448,-0.438228053704352,0.0285119740601139,-0.0237381969669679,-0.144915653294485,-0.17891153562834,0.315124699170429,0.329707351819747,0.0894923104524983,0.339464231610655,0.10931656389597,-0.130704253683178,-0.0162469324456634,-0.184169588175457,0.115244529944806,0.330332311564665,0.0458612057340753,0.0474236017716469,0.169895740369417,-0.0321962487616305,0.114366760241504
-0.0324059416690592,-0.161251031209426,-0.327038573846527,0.218193988020795,-0.138951701061281,0.191727338780904,-0.0104782493009078,-0.102830878585402,0.092825281002231,-0.0408253905493923,0.217155038850255,-0.17099875026253,0.140743343965154,-0.111003226107932,-0.135456659293349,-0.0313455273546043,-0.0824951170306195,0.316294570346488,-0.0180720185879835,-0.0797931329516346,-0.139396040670406,0.293869368126295,0.135035494853467,0.117580137319357,0.103222535577325,0.136758029244891,-0.0510140386602101,-0.0329957363477699,-0.00608791093715719,-0.139409489466049,0.0705854186194346,0.0575946354265983,-0.0357140853293842,-0.0296576524842948,-0.0395185372727444,0.439079064572723,-0.023231441935942,0.00948091503039788,-0.38492183798117,-0.0877203420693294,-0.00147580451254378,-0.0760022478265642,0.0347573536444083,-0.346497276081525,0.0589044387344373,-0.0950678515771159,0.0122700692691033,0.0796494059660564,0.0448876844598612,-0.126350144724733
0.00251814565994309,-0.0605275924727231,-0.0345461878875197,0.197288437806902,0.115739248403726,0.106169002288422,0.237595928201931,0.0947725246299221,0.462112218857879,-0.111459976670929,0.117973954549286,-0.0409227138205185,0.0168167962210087,0.127523680236511,-0.453243709743636,-0.258104569905469,0.0065356038315596,-2.1405180015515,-0.112142678832223,0.0974540171402614,-0.146513970852079,-0.279125429779303,-0.000130645295445305,-0.0637595854108533,-0.300674944819208,0.22780496328596,-0.150336988793125,0.144046310971005,-0.212041924338874,-0.066701030286719,-0.115664214663398,0.0926046660649922,-0.0912630221405494,-0.216123827994133,-0.0838174107554347,0.109243077414315,0.426526565070873,0.0334518254125354,0.245664821877111,-0.0796171867114296,-0.0191964268664707,0.101785787898968,0.186019530179367,-0.0570526258279569,0.0160145526610085,-0.062104430235732,-0.0487818086242353,0.0991677855325609,0.0289281282012018,0.207469903797618
-0.0668671584989207,-0.0815169812466964,0.62880377506301,-0.145341523589686,-0.0322856222701074,0.0268923941708294,-0.00540565937329747,0.0321409833028224,0.159360379090516,0.0627750902287189,-0.0961314258774968,-0.113810578894085,-0.184233539169237,0.0664816174834399,-0.00505553291480954,-0.196426281978744,0.285773270394044,-0.405575755582124,0.120497387063499,0.0383235001499245,0.0398260827171889,0.0353370615638378,0.179330033737902,0.177378139757009,0.19866712236808,0.105783243716972,0.233274254939377,-0.0372881031035031,0.154682199506396,0.0201680255551653,-0.250286600555149,0.323971025125176,0.0822099855676165,-0.113298018071932,0.0652928183315076,-0.0138355242036906,0.0848957993029858,-0.0577399150031481,0.221711736398184,0.0128970481599715,-0.0780229640914245,-0.00810542068251523,0.0384616231115217,-0.367160812848846,0.100103357033017,0.135045536045752,0.164173000696884,-0.0728102695478215,-0.096729902046503,-0.166414923063776
-0.199172190489483,0.353920919934531,-0.112867451817337,-0.308238095942213,-0.131444665247518,0.0328691602703561,0.0316349815713886,-0.0995536520740607,-0.553170921039521,-0.134254164414596,0.206327716092065,0.078093342331965,0.0278992755125422,0.131690394293833,0.0100349061145912,0.0744029782470775,-0.068696276978573,1.22953716498669,-0.0559022154370147,-0.0309881405302746,0.164851286777768,-0.636468018128499,-0.0736468959612872,-0.450648206982463,-0.290787598024229,0.263068727164753,-0.214327089146289,0.0214650720326661,-0.0324180996245015,-0.201691898779008,0.0561464951742913,0.283546751626428,0.0554908494564531,-0.626976443766987,0.193414887017012,0.370017709835138,-0.536753415947807,-0.0332257153064545,0.222904098410464,0.121448668263803,0.0206697736652989,0.15163654785037,-0.120612360210669,-0.330975373106001,0.217834999402607,-0.264646803800541,-0.0846415048629927,-0.168653569133789,0.177150794797948,0.036624462369189
0.17401706279401,0.272147849738617,-0.0444647983422662,0.0278378827053118,-0.010798420569445,0.037860041232207,-0.0206508100507883,-0.0635227515910014,-0.352227824304495,0.159485209955561,0.0842357578186154,0.0662941889858949,-0.0919502976203723,-0.115200021551282,0.0100490847824204,0.397668681225439,0.00511493513219558,0.0913387381379097,-0.179308814672002,0.193175499020838,0.166388088594485,-0.0116270182694544,-0.0275312187805209,0.07269895471578,0.176730062676273,0.132488984642715,0.213031870328846,0.0628028014740126,-0.078000049152272,-0.0132026436855069,-0.270822959624877,-0.0659217480945065,-0.00887743122894815,0.047846239963311,0.008497648062697,-0.400057752972485,0.0777014784463421,-0.213406803823609,0.06803396828269,0.0171460076161983,0.223861138255787,0.181438621828013,-0.0869750536816098,-0.224089049082016,0.241077832304555,-0.270655510470446,0.0798029829423974,0.0965814851170846,-0.092203126617271,0.0584681040754062
-0.153948880374197,-0.146630991107296,-0.247531090627558,-0.00708936804023383,-0.0136974198286485,0.250828347178717,0.272333953560034,0.137863308873799,0.252682115578422,-0.369845269134715,0.0702845261995281,0.132052740815028,-0.227971615363233,0.199393488308657,-0.0649960750610531,0.240359808594006,-0.113777993874561,-0.331673024973459,0.0633470118904319,0.118332173570051,-0.162979570671807,-0.0647170296800385,-0.00660390296875049,-0.095862540224625,-0.190160327607293,-0.0818778666590805,-0.184373000140448,-0.0335814569554412,0.0879664991292084,0.0797565538876601,0.140388908211287,-0.115618545129155,-0.125347791590421,-0.209136965329847,0.0102726754433624,-0.0569578540585438,-0.0133050108858756,-0.192440894247648,-0.028995835609139,-0.116463883146437,0.00483926122602689,0.0401527484469489,-0.212029445333304,0.179188734396065,-0.124736935602032,-0.0191228310788659,0.136407133794318,0.230979985309601,-0.112508891718221,-0.080652153459236
0.0289069027366692,0.170024907083045,0.186556291640798,0.127693635963051,0.0315285209710433,-0.131440361381141,-0.102403633627351,-0.208263928367655,-0.208179077935101,-0.0390695820859383,0.475332614335841,0.0743368507700285,-0.0680487024288067,-0.0147705687857805,0.374091207614046,0.0227393820065912,0.115373642533793,-1.36197269020156,0.195728381753194,0.165039089762926,0.071533295280357,-0.471248853726588,0.0231612724039903,0.176457103341873,0.126498392863567,0.0620350354811671,-0.135503667579137,0.0633262773784046,-0.0480572868815531,0.093646729737838,0.0169412483584578,0.304576664309804,0.0497941367657568,0.264511286731732,-0.173343518837716,-0.168799141359558,0.143759409093438,-0.310552307671388,0.388859859856515,-0.0742705427711534,-0.172950628910359,0.0197528629806615,-0.0115660478238792,-0.18544767391246,0.194180819635091,0.336016147737666,-0.017437089155464,0.0644624526114829,0.0171612692140016,-0.111901298614657
-0.204144635648376,-0.178755896101589,0.365078319305135,-0.00455848876004002,0.0533056997732969,0.182570083653878,-0.00571668477065405,0.129438927538935,0.103935449823025,-0.177211608716244,0.368034802916793,-0.0311352360260179,0.0340944721204423,-0.0832016826018845,0.139234805309384,0.107336018146796,-0.228279450922181,1.39052973906512,-0.179522312652567,-0.420139339996135,-0.0840521752850655,0.225773095067487,-0.0305059355020437,-0.288810263634883,-0.265006642902942,0.0388526755386302,0.0134385616912886,0.0799800492398551,-0.0136113388852377,0.149564104701075,0.0522136432169707,-0.117534627419541,0.110522394268932,-0.034844665314708,0.0828889381723029,-0.370042182550669,-0.12144553477427,-0.0982430911297165,-0.157609582754826,-0.248089210578137,-0.16308928880831,-0.0980313319359983,-0.0527494988153696,-0.0996454307324289,-0.13330622661219,0.0310506490662151,-0.0567235107780719,-0.294001319165646,0.0441740014857336,0.0115038416164945
-0.285687918299978,-0.167580772889798,0.0257291674065564,-0.495110074857495,-0.0907461354195136,0.16050413207452,-0.0677744345610072,0.047666051143796,0.214001658400179,0.0864212200093734,0.346882743727788,0.210541757611743,0.144103804080544,-0.0613234483632702,0.164215172782188,0.086637708759732,-0.214852377381377,-0.736414411358121,-0.114917652553137,0.106872963450943,-0.0771375444921984,-0.283170653448807,0.184066904369864,-0.155023570071097,0.19710600901682,0.031793934421479,-0.143535194384598,0.0751915892580575,-0.138210716707423,0.00485249324896496,-0.196878294055678,-0.00241381237832405,-0.0576615757588976,-0.014892416288384,0.0337817846793848,0.0190340170154467,0.2833377548432,0.21358959918916,0.129542993737173,-0.114460069562686,-0.0573793696958563,-0.0873158677921494,0.0126038928668304,-0.51941175702747,-0.10777758965433,0.452834474640832,-0.190255671081609,-0.0380012367158877,0.00810975154411872,0.116524613078946
0.0777420737173979,-0.246823057290837,0.32985745418609,0.415128652299686,-0.0886592827057904,-0.114276954392622,-0.252379416157989,-0.000828015701915741,0.475693904541091,0.311186626206194,0.0536015207227417,-0.168464043472091,0.140481618886295,0.106520205578199,0.211817911197537,-0.0285198060165581,-0.108422858488275,-2.42536407161915,-0.27749042163079,0.349119040246199,0.00388132109499924,-0.60033598694611,-0.0205616495228272,0.2147262759674,-0.251476171810283,0.247023676469899,-0.105767805907065,-0.228729924704786,-0.21545347536769,0.379337218235671,-0.0120260127608478,-0.148689947047798,0.0311141985099274,-0.251180132907767,-0.0194038888728954,0.203793222937477,0.518618839805371,0.393130223070887,0.408579699916317,0.111934914442647,0.229254985424298,0.186300554431356,-0.0290654493750971,0.0769832590321315,-0.231416457075656,0.276607604076703,0.100205072755435,-0.0400552035091549,-0.111574470672268,-0.024587053518654
-0.180991627823153,-0.195476421771037,-0.0215046233964059,-0.0552739992012824,-0.125631612656081,0.0706278152820833,-0.190009671084062,-0.19847746026898,0.487045731619492,-0.0882570412761978,-0.654980221495339,0.10570187492145,0.0678094733435331,0.0830176406154486,-0.213297244009495,0.286750247941101,0.0313179524387724,-1.14067889513597,0.208905214341835,-0.0584634931146875,-0.0772253197048366,-0.172196418367857,-0.148043547052031,0.178541019767348,-0.255805794994186,0.216228041801071,-0.0338413018777609,0.00854543443587723,-0.03388346902781,0.170287955106141,-0.291112221782667,-0.0178725804486235,0.16833327326927,0.0712953399589609,-0.115676404058186,-0.0952635855217874,-0.0879344601529173,0.336990815220597,-0.114749177009005,-0.0462830750849508,0.101022594876085,-0.0104858636699167,-0.0540707748299683,-0.332160667178494,0.058161504561126,0.218797011127174,0.0683060274812127,0.136201580032782,-0.00571374781230234,0.108300603167164
-0.10650522428344,-0.00129888070913672,-0.262167448450174,0.136749697994478,-0.103042937620859,-0.289086199800853,-0.265710288428963,0.13610461557201,-0.426030432048333,0.166459449948684,0.216272457363392,-0.250302921368081,-0.0608102169725237,-0.0736453064394639,-0.231121338508502,-0.0541473945154223,0.221465127285874,1.33819434659356,0.0673883208308592,-0.188160342264426,-0.0362826098563686,0.27142666468888,-0.207799233224985,0.270914530584679,0.0290153207531489,0.00787612189230467,-0.166219218600472,0.151263850337577,-0.183202433020855,-0.0489088954788425,0.0301938537402761,-0.0913202594927697,0.446687333688633,-0.0883963658094913,-0.00451910284015142,-0.211071190698989,0.0172935685800806,-0.20117391564102,-0.270020981744187,0.0222297663212061,-0.0421117887791951,0.187112005209352,0.0490399949564702,0.319808040067803,-0.00558856173275133,-0.416580027058013,-0.00692904317734124,-0.310213575099161,0.0539380681093256,-0.221345354761142
0.173989113043901,0.0249861267151297,0.192509251280302,0.125973285495496,-0.125638763778289,0.176295777300922,-0.0836495720995488,0.122971315998267,-0.0123902223353263,0.103835709432058,0.188637325877729,-0.0136660010238956,-0.193785686070947,-0.0547970805332682,0.0884959881003515,-0.0112457953622828,0.0538704367909605,-0.763253999142547,0.20451628041054,0.172728095118191,0.125592732390897,-0.715497706466707,0.069397546205306,-0.0748188561514353,-0.0747872033797655,-0.28955140905997,-0.22139009397117,0.128548571247645,-0.0770317421258132,0.184402988310925,0.276874672369732,0.0927266533511262,-0.110595187576873,-0.139980666972882,0.280214597430695,-0.151681269504108,0.00685054747769101,-0.0559464413692657,0.0466889581564691,-0.122972219573953,-0.11543297348191,0.0259778543687856,-0.0784747659676993,-0.146480154605887,-0.103867975326311,0.117766089216185,-0.167011366068255,-0.102639245923863,0.0663719788084942,-0.0522908834907076
0.0595401814638356,-0.0507222294174784,-0.25964310256411,0.190345734466823,0.274526012281684,0.026773624400392,-0.0906914772878211,-0.116328905061323,0.0315789689191382,-0.124987289271581,0.790720590665108,0.109365639921194,0.0358377208666773,-0.169620430099566,-0.0848126348109015,-0.0457635458839407,0.0300083027961395,0.44674672190944,0.180503199795623,0.0193997180211475,-0.0249501336041481,0.00580835098367607,-0.0312557427363147,-0.386857947575351,0.0178824883808271,0.0691497529503432,0.437950686280563,0.0777899987529881,0.0326396864794746,-0.148280309850869,0.110330200596251,0.0847760181804818,-0.131519661866932,-0.0696513861972046,0.145271473418897,-0.00373612923475246,0.044174073368881,-0.123158052741315,-0.265670501277623,0.0386777510310977,0.00769901283558506,-0.0790337301199633,-0.0757600075749955,-0.0678693536149079,-0.337504533106652,0.139921954691814,0.268906854041875,-0.0732142442172815,-0.146839113059258,0.0744191215355943
-0.111567012225372,0.0453045689868181,-0.129956675978032,0.246329038050198,0.0256577536245947,-0.154828359381988,-0.23194382093012,-0.0483690590242566,0.0561495380058476,-0.276424222161877,-0.539555460798729,-0.029349470581865,0.0388473291634414,-0.16522118743546,-0.515392420639135,-0.194551726585867,-0.023620662211941,1.69431896239816,-0.14578403457149,-0.354091892351527,0.121628771873334,0.500187760055775,0.0749636182073604,-0.0165784415618612,0.0769962747522991,0.161039150268077,-0.206510888192518,-0.123367023508806,-0.0561265382145093,-0.398776960223144,0.101965932647872,0.0336482752224358,-0.021177227448928,0.0302032042566509,-0.115739064184373,-0.0613830476601727,-0.199548453476863,0.15454886818682,-0.677587916107994,0.0429975413821307,-0.00157906501294018,-0.0873672697676539,-0.00135177054584622,0.0169547749949646,0.125608991449853,-0.74118626290713,0.0862412000646552,-0.559686334910191,-0.0154459739568191,0.153981762804183
0.0903040806527282,0.110889210690817,-0.0125010878130695,0.0838012216672273,-0.0479708664124135,0.356079830762137,-0.139230569069263,-0.145207137787913,-0.654200745867965,0.107763225751822,0.484324409061145,0.054036376487445,0.199514950843118,0.17197169221747,-0.344970325950194,0.225250437666233,0.219473503830486,1.10907375999295,0.127021344804599,0.011294404482744,-0.0494508269263369,0.121070630783402,-0.0865010020048029,0.0608609187340378,-0.0409713204053039,-0.214614651224091,-0.13664777652399,0.0380646517879525,0.0192079505657845,-0.1078761173935,-0.0210505983833722,0.124756499622232,0.0484209747791957,-0.024921952150041,-0.0780354651046294,-0.2365467812707,-0.00694608584159468,0.239893570626013,-0.122302543106835,-0.123034520425939,-0.230421825387211,-0.0929753168879764,-0.105351573205549,0.259812209313338,-0.249018432165371,-0.179596243718474,0.0296866860581486,-0.0710555042507557,0.0642780336648987,-0.263503731278241
0.0178563586059033,0.452099973728389,-0.134764200082625,-0.0103038102766539,0.0654985619254736,-0.300563480627987,0.317235923455508,0.337215522653041,-0.654863403419155,-0.352041740380187,-0.159923282646809,-0.190970032689194,0.0653289207407699,-0.172902195942018,-0.370832627606192,-0.0290772477241763,0.286637542764259,3.3861346788402,0.140212328946735,-0.671794003178018,0.176838610647466,0.913732257357113,0.105873163124551,-0.069635523004736,0.423091117094532,-0.0206988064666107,0.0733676295785412,0.14499719702755,-0.0986312695313659,-0.213213422296589,0.372364913111174,0.182717472241141,-0.00312511601146778,-0.126476579391374,-0.0670782190131182,0.431258124350078,-0.347141077129749,-0.163007310982043,-0.476663979403926,0.0132364280141703,-0.192563851261814,0.304511011316138,0.0540818728712233,-0.0174515531640507,0.299226973177572,-0.729411865250807,-0.00194783452922338,-0.5792022300048,0.229115127107104,-0.260387325310598
-0.144630432469604,-0.0101283989910323,-0.264513801485502,-0.160963858807966,0.144095812072385,-0.172845258541812,-0.0987491379161943,0.271932580964083,0.518003601907674,0.0540723382615295,0.364473553059839,-0.00750400349555286,0.041125067369881,-0.101886282009201,-0.089848889157819,-0.155157406273961,0.0373853621980936,-2.0821972109566,0.0220011562268922,0.434102702754152,-0.132291555935096,0.035435863647352,-0.124179714883577,0.116301650826098,-0.0702482552321447,0.142978019285322,-0.449334036884358,0.0761325059978878,-0.107058388131918,0.345231282531935,0.00657654043659594,0.0617029880562123,-0.0885603263281616,0.0847449314137352,0.32919088430746,-0.398840423995752,0.325558290028719,-0.0472874276432275,0.104257757740852,-0.150989652834664,-0.0554511348643684,0.0946211825012682,-0.131212114025145,-0.0576288307470663,-0.0515949472949581,0.622125648560297,-0.0920211451413927,0.380970676074967,-0.0643064782093712,-0.080373326921434
0.0411705841163129,0.0448917077663894,-0.359336766672209,0.0181191693729566,0.143721833332913,-0.0950080604704935,-0.106928500682251,-0.126032182978821,-0.273731992446371,0.206254736831928,-0.0884369334187492,0.176847452375305,0.157189292941429,-0.215853331641049,-0.245252892014473,-0.0800722640914805,0.083249354904822,0.37041608894606,0.134628655938483,0.0845926367232857,-0.185555389806225,0.600393948985895,-0.0602755856446982,-0.0662618944957215,-0.150852194885066,-0.173555597253462,0.254383562744238,0.00300007678145289,0.00532245720439686,0.0660987512919202,-0.0118032037334247,0.110637763039117,-0.0182405475395057,0.270969077077394,-0.0404365512288905,0.0226478533174692,0.100035402072634,0.197801730524956,-0.465008135296348,-0.027697624836817,0.0454122562350901,-0.016193684540009,0.0349896871728071,-0.057130114627583,0.0763942953904682,0.129838486090865,-0.105648250763336,-0.0292863926791841,-0.0514178835413737,-0.206423358994645
0.21543626443355,-0.00824058010595422,0.239645846134911,0.088580585010103,-0.0830620358157752,-0.15205252068287,-0.130724582956155,0.0315164414236292,0.0955371867432319,-0.0815577079019931,-0.0338497368806473,-0.020044280736815,-0.0692402427879716,0.146590089834334,-0.0533640893601374,-0.144822879291354,-0.0218874322699605,0.42083723276309,0.0530573439432354,-0.00103506001252062,-0.134929628897419,0.778608992217954,-0.104691957908039,0.0299077812176993,-0.132005224986248,0.513862845470744,-0.221085688287578,0.234709633899223,0.0337632159767408,0.0320848725105285,-0.205508159302784,-0.0480030346378427,0.0111753929723067,0.0127691595538967,0.489399189672835,-0.403958500291601,-0.036796378420833,0.0669655313316009,-0.523313712654248,0.102794052965867,0.201285455167015,0.0156059516850811,-0.183057672143532,0.0287677733685767,0.0964619392527506,0.118984288414148,0.063159905361166,0.196725398626847,-0.0331747659421343,0.0261269055607424
-0.0269724165486093,-0.298225860054347,-0.180615473224522,-0.105385879843921,-0.0258651653737977,-0.0163862978988382,0.151409421330361,0.00279526178032297,0.236097415091055,-0.254305480008047,0.330075467874341,0.159966324949799,0.0372856766058521,-0.0135227430182871,0.110408821271526,0.114031024361995,-0.0586696450678371,-0.561253978917044,0.349451411734067,-0.193306534706048,0.127649208043302,-0.477107931612284,0.13194443098552,0.147291238473661,0.0807178560055523,0.265704902144023,-0.0390571341838223,-0.00507721655907014,-0.0961936294789374,0.200278924545418,-0.191242292898503,-0.0278846754803675,0.0876182335014174,-0.0889505733655576,-0.116004916558336,0.088817072138939,-0.287267734405813,-0.0631548934061547,0.458184159585402,-0.0182014878575757,-0.0525820147176921,-0.0817021488485886,0.0646118818660305,0.0770108925364316,0.016841628245472,0.260271996659627,-0.19367612165459,0.335613544689365,-0.0326558393853875,-0.00887613222631076
0.24400578037113,0.0693190666297596,0.122044333578456,-0.0543071362619425,-0.0439435981414309,-0.154338496661128,0.223842439213399,-0.132228449277882,-0.0363915853709255,-0.0961300836553384,0.0238473618181492,0.132589191634055,0.0158706098619497,-0.0138402659440734,0.135857469075118,0.0795581325079514,-0.124654647330539,0.823024716515468,-0.15357244249643,-0.0169915987323456,-0.0440098177109978,-0.191286027951483,-0.0403927056582254,-0.259306587906296,-0.107813750933967,-0.075466842034915,0.147123596195257,0.229617186549974,0.0927616028543144,-0.250092285471984,-0.429119353165131,-0.0497068681105295,0.145155591334414,-0.256860755927195,-0.0470516148524481,0.123228794502294,-0.106020019340374,0.166536956004972,-0.0291437962832608,0.014007807081153,0.0324860379976273,0.121185334280184,0.0301151720978397,0.221003299597824,-0.22591708872704,-0.41803751268227,-0.320380998801299,-0.0965538109438373,-0.0203039427638626,0.0973463293475951
0.105732070661644,0.0211012394064273,0.553324446397998,-0.227210729402079,0.0490371259313951,0.228059220918328,0.0210471547402533,0.192880554752876,0.249513140787432,0.156764780885418,0.332883865433273,0.00692812999211097,0.0867701775747146,0.0312145347033131,-0.000576104465301908,0.168784232571332,0.250125830248639,-0.324915996414691,0.148233646038693,0.0635549134165894,-0.0897526603180479,-0.642188308754645,-0.0670184997944494,-0.148184774205659,-0.0582334025129069,0.210144866709806,0.00143924494604751,0.0200197751500405,-0.0953879330701372,-0.0137421899087353,-0.276453726031108,-0.130524374197101,-0.206256384374112,-0.487364038241733,0.115833302707184,0.280883462305931,-0.0910539648870504,0.21542757660878,0.0409635796890499,0.282139608721492,0.13738310527185,-0.241413041042313,-0.129048932552162,-0.189248503479649,-0.0986430001428708,0.0612505747449541,-0.220768099533622,0.455156465569478,-0.136037779453673,0.224929507311753
0.112014896244015,-0.0687640411415575,-0.973121736182763,0.249027921303448,0.0800318159681283,0.0878871493897129,0.193138152058649,0.0617825688875562,0.0194649591304498,-0.0193551554534222,-0.54921333624325,-0.0199747778137737,-0.0859392871018197,-0.160695316887468,-0.124649623157472,-0.169748473337381,0.04482760034375,-0.365280561086655,-0.0640075655765577,-0.025605562913709,0.0397442679837651,0.596507837230968,-0.00245419200683211,-0.0709895322402563,0.190414119082963,-0.313357991425291,0.159157668915369,-0.0927252572965925,-0.0474115163127556,0.035357022618706,-0.371940338508661,-0.0262536109820186,-0.0702882660288045,0.319971866189591,0.132502763086644,-0.205782357343071,0.193350581296217,0.0572166697567267,-0.462504517593224,0.360885448584223,-0.149563454899322,-0.0310302190256289,-0.0143857060251017,0.399481803657426,-0.0390833119024048,-0.145790441011147,0.00630562981611694,0.0364065312536074,0.011196718911922,0.0224372059801026
-0.0451448583987535,-0.0491777318904152,-0.229585443083855,-0.180698248137549,-0.0284108375361482,0.367137572474936,-0.0166633545651082,0.32954750357657,-0.333730524068489,0.0116235171208831,0.144205657451229,-0.0354068217076563,-0.12550875851314,0.00506801679169239,-0.171559372933876,-0.120458677026396,0.0336403687857965,0.464239462730639,0.392743848430424,-0.325929395412169,-0.171000308581267,-0.0330848230938153,-0.0596632848449581,0.101516247571794,-0.12567763665892,0.113343046812185,0.286950820658421,0.18030025827198,0.157276835536676,0.202040867024991,0.105423998740048,-0.0769115194696476,-0.0537248902352154,-0.0403898023102319,-0.144688651597255,0.156717344442163,-0.116646843320919,-0.339269065082365,-0.00791880818322857,-0.186566208782836,-0.126328702784228,0.0107859634486947,-0.0795595147947804,0.0960974520993852,0.146692683623375,0.163793082581278,-0.07502985544718,-0.0703877806459559,-0.0566407786997,0.0720775782152882
0.10818552114042,0.0435908378861477,0.21148696330057,0.152025291272523,-0.165983513741905,0.205201827311454,0.0842639073479728,0.0517686563287498,-0.213581157848463,0.0257016399501637,-0.592478549961505,0.0314441996521626,0.0160877319371211,0.106150586788874,-0.402742767936933,-0.174159430430963,-0.170389061376867,1.70367348266677,-0.129192417225672,-0.205953911069321,-0.260795345669769,0.641268552583096,0.0226292501835101,0.232025761194092,0.167968766635964,-0.0810191646076021,0.0533884590169997,0.0788897917044646,0.144638012294671,-0.181822023003368,-0.176428324445995,0.0990454087137839,0.170426621345841,0.421566344927002,-0.00310635318799562,0.426341158176527,-0.467587149628745,0.309362680540109,-0.11747337182105,0.196394026884423,-0.244923000148486,0.0200104185210522,0.284356972365325,0.143564841352731,-0.194220060338985,-0.583505335694895,-0.0497531012567129,-0.0618101753133735,-0.0877064693457016,-0.189028109543618
0.0823258873490751,0.164069687229105,0.32266399918557,0.12215109303483,0.09954738773467,0.12636584739278,0.259146898130629,0.153631140183308,-0.0788459931318586,-0.167170561142523,0.113333058012494,0.0797903544802235,-0.0151289806636583,0.112121576340731,-0.144672053795304,0.0139084323809414,-0.0752601989694902,-0.511151871642443,0.226688893399452,-0.0188624633035196,0.10354064189447,-0.122069496538697,0.0187554777405784,0.068853649488324,-0.311104792312664,-0.158275009197848,0.18572355129102,-0.124998825339834,0.111540384823259,-0.0461034065807329,-0.00859594678702243,0.25768595813275,-0.136903708688907,-0.167344127712542,-0.060226004299701,0.171044014207854,0.162310478565311,0.111915074936716,0.274274637398027,0.152470305480446,0.0329144702079623,-0.19244457492219,-0.0235412144687181,0.344457214094557,0.163708955595585,0.228095243365961,-0.107837760055866,-0.0771548383312749,-0.142701639921318,-0.0583927935911238
0.0710945174596939,-0.0363340224095074,-0.0673733479514569,-0.0339632832974357,-0.0970139282633844,0.00994448596237736,-0.2490392090586,-0.194958956313429,0.377561962507505,-0.196664178181425,-0.504108471163849,0.192986402476345,0.0038787772346096,-0.108901670476395,0.0429595024298662,-0.298592481427656,0.112764351808519,-0.184141755361272,-0.0710024087439431,-0.0218506966179699,0.0765895281356416,0.726033579146505,0.0284519753910611,-0.123539195604377,0.285548536329364,0.222329018541082,-0.239537456771078,-0.157372194796013,0.181954002643584,0.258403571353556,0.0468855393339829,0.200021579699353,0.132382825116652,0.215241351977087,-0.0386847757449256,-0.276640194755754,0.0234951658411577,0.0772667122057177,0.10357494902887,0.45365925295136,0.14130574058096,0.019493635959103,0.0976133417749051,-0.519621685389359,-0.241443680424288,0.0858945091210571,-0.183289860049063,-0.0688285603417086,0.11277857888874,0.0818853658692466
0.321751401272609,-0.132173971019923,0.940267477123192,-0.191635486218046,-0.0221419716190691,0.336400755770551,-0.0194389071912618,0.188603063132009,0.197613292727663,-0.137854868750586,-0.670228362691733,-0.16701397603057,-0.116275271363798,0.127283919812217,-0.299898095531063,0.119162872986044,0.14458758862383,-0.111875130173327,0.236938881378401,-0.116495133251994,-0.00263170487574486,0.21140892218711,0.139853072234463,0.0466265669784515,-0.12767228784124,-0.12106376367665,0.153032927737612,-0.111592701036614,0.178431706448074,0.159159565926458,-0.0100822391551368,-0.262275804534544,-0.215499767408262,-0.115563142278458,-0.0531314602461121,-0.176934903846596,-0.0787794412055878,-0.150012288284184,-0.271770518848945,0.0257899837964869,0.0778224556618183,-0.0681438022683053,0.123813970808001,0.139044881227922,-0.0717507677053892,-0.401199978624009,0.0446032227698329,-0.174446530626405,0.0482627122253848,0.000416446563159547
-0.0947740028685183,-0.220645803648276,0.382180397910701,-0.237074040615384,0.156290109631039,-0.00810192406004985,0.257985924884109,-0.314573111347141,-0.127843802664063,-0.108100329942044,0.0691780449005224,0.0101063844744662,0.0259896645306073,-0.0214513929973583,-0.169624207085536,-0.186343488253993,-0.0899487603702347,0.891014716984981,0.0983181313009267,-0.0275577948470977,0.121615862268843,0.0986388407528304,0.102830224409696,-0.162026906522565,0.173626379636261,-0.00687282815792414,-0.0466747788845288,-0.0381350968022835,-0.0188137100329932,-0.0840077250060378,0.191380315089907,0.0794914284162537,0.0289134092797281,0.15985395828634,0.0796528682268174,-0.207532022387379,-0.29444972969662,-0.059825667929294,-0.240522982871425,0.125539312807745,-0.0466406478393093,0.0817085737581257,0.021815218250537,-0.342723939225293,0.0355883270540125,-0.0130540350169082,-0.00941635800806333,-0.3053817484101,-0.10452422109884,-0.064000275443687
-0.0003752975529125,0.220188751521032,-0.371431626884772,-0.0752899115367637,0.121809463795051,-0.0436432917101552,-0.0143049122816273,0.193653419387835,-0.349811495844113,-0.156835799779605,0.137897432288031,-0.00735937116463672,-0.0324644231005021,0.092243971747274,0.378499811733954,-0.0375340774455069,-0.130691221011684,0.499012517583061,-0.161289039641065,-0.0598150577781098,0.0188762138177034,-0.268741032527111,0.0933500498552268,0.273491017757563,-0.01859157731134,0.47069589188283,-0.20892043257503,-0.0822998762832243,0.0827611365205646,-0.15964268402225,0.0429885700734664,0.191267404340802,0.18966034237562,-0.154853190020795,-0.0148515179312436,0.275501566970263,-0.139680798302939,-0.124824476740971,0.0633832360188013,-0.0494336685525632,0.0679334402094822,0.180693661109361,-0.0580957812685209,-0.147139554721085,0.428540814262561,0.126975852183391,0.313271978596524,-0.123898836541157,-0.000827366532279137,0.116584867175984
-0.148106044327002,0.225078512125149,-0.488542172476676,0.0739427341363778,0.0486770499542055,0.0779554129533194,-0.109693817028926,-0.122999416495862,0.0947044240138711,0.0900136643090485,0.124496898756769,0.0460207324441694,0.0653374504631489,0.066390677368824,0.247470518100451,-0.0406982968065916,0.020941967868156,0.633522316929827,-0.0196668521767845,-0.240247284566044,0.00610876857167479,-0.0911476403804555,0.0339355954901994,0.126694508771942,0.0898733061440827,-0.0636706068785701,0.110643794000503,0.0298379713327394,-0.0521956438659636,-0.273108880762948,0.391492002427952,-0.00716331056625465,-0.0455454022119697,0.106315746154675,0.174990915557452,-0.0212994153306918,-0.256001012908398,0.259746092467788,0.0756789379828488,-0.197018647627752,-0.135439948053842,0.0170485887141509,-0.100374636845974,-0.0706460295841738,-0.0170830796929298,0.171162172380908,0.0983465649310147,0.480980589107182,0.0645089807123684,-0.141669666282339
0.146535656124241,-0.227599955243129,0.101766602272814,0.33538000382026,-0.0342857646031892,-0.317937123000729,-0.0162123030808184,-0.048019376841819,0.170338264109978,0.275564081455386,0.136611720062983,0.0542377641142281,0.232484993697501,0.110439785537818,0.123390350735606,-0.199546466285911,-0.228851984031479,0.0822456708601766,-0.00401820694269768,-0.0493184725680908,0.133267059689727,-0.41081469638114,-0.199603004536977,-0.218940351767349,-0.300031058680888,0.102552558230859,-0.137284605263413,-0.0326846948394295,-0.00213329411927755,0.184721867250415,0.0286504476806978,-0.00479049567751488,0.13166731872173,0.128413709300866,-0.109455623189187,-0.567712942545216,0.11290034492787,-0.0450113040525362,0.129993630147725,-0.0136808571214559,-0.17350827699498,-0.0283177088063667,-0.0918558319398988,0.0501997123815313,0.053993549085438,-0.0929727499914363,-0.0598723451419546,-0.10745706968083,-0.0436855810387743,-0.139338751307369
-0.0604744704724045,0.157249357275957,0.569522396700448,0.0764384344659739,0.164533025912277,-0.0260102306761515,-0.177023293746409,-0.122008994058099,0.221169933168164,0.0765836728705794,-0.370071030056803,0.0183218233208057,0.0851406743421296,0.135165022349382,0.14194372674868,-0.251670362805016,0.184365001910756,-0.0332973837341778,0.0234333501481128,-0.266659926110831,0.113824330871493,0.490608308826521,-0.044972119392887,0.456221904655306,-0.521633231568342,0.0100087203803762,-0.312072783324362,-0.0107588191018123,-0.0240072352595438,-0.155254067343147,-0.326935783422183,0.162730902760076,-0.18209455779932,-0.363577960202614,-0.180614110441693,-0.1378602115477,0.0281375817081992,0.159768190020057,0.0678594438209154,-0.10384778929757,-0.162278540509615,-0.150306772978912,-0.0628692281891958,-0.6699166585294,0.147000198332383,-0.100898195818337,-0.141746086668552,-0.150501331045477,-0.0463163419909339,-0.0793085895209419
-0.07366011662398,-0.0716152341449771,-0.0630734364184676,0.169636044112997,0.0521769041893639,0.3803996550151,-0.0334237474455045,0.287398031206784,-0.12334452340588,-0.11755081282668,0.277832144343215,-0.111030888518487,0.0519294403370865,-0.129575292372773,0.130200669327546,-0.00649394771426571,-7.28880132113691e-05,0.134894674354899,-0.131111864506906,0.113953692071808,0.0260761589046923,-0.0647048484730884,-0.154965497440422,-0.10488908523658,0.120941857130192,0.11653230472012,0.162242504930178,-0.0290884225563609,-0.0601197873100603,0.121835271079355,0.34193746566667,0.0412736574898526,-0.181333165579707,-0.120777243185262,-0.17732751395363,-0.146521278612386,0.159041860114667,-0.0526388128434976,0.420757082460634,-0.143968638894102,0.0270519230072371,0.0428534236169863,-0.238458798070871,-0.179322896378902,0.111478344823909,0.0194313702646925,-0.0329665822469394,-0.106481290366325,0.179163046238326,0.273596206343915
-0.0664982010225548,-0.260271258780251,-0.328214286080354,-0.0308980563611653,0.283191998548721,-0.199787136979864,0.10528851213269,0.0878397025668266,-0.536579323406774,0.0852798903771272,0.38764046534584,0.0446287486552421,0.00916259228595267,-0.132179214305201,-0.0799010775432885,0.0936713158005931,0.129714936719947,-0.436095747141431,-0.229948634530276,0.163665384135768,-0.0916110683679673,-0.332864057553394,0.147015704425249,-0.165834094540383,-0.0626502805304451,-0.00504980651114658,-0.222962807124572,0.050246547713932,-0.0959104539908634,0.20211962827131,0.138705232983478,0.141839032472111,-0.0540844880359003,-0.134338530490678,0.00788809055333077,-0.109686795991389,0.286548661024136,-0.482195632478456,-0.0847365670262825,0.0613781041493046,0.0149432079916578,0.394458219212767,0.230680286092314,0.0175682273361649,0.0547637905407167,0.332711542183491,-0.157095001893103,-0.0966442196749379,-0.0265941219708797,0.0599838546282581
-0.383608422590916,0.159015661097139,0.152428825527474,-0.0626786530957123,0.0551725488739031,0.0846000069318164,-0.171019429062391,-0.107785586507865,-0.139963699534746,0.165773686154896,0.329289594966113,0.0337063961538025,-0.061992572070221,0.00175611075129306,0.263345822936627,0.183898197732621,-0.24488541783302,1.73426062305402,0.031777424909869,-0.315934353022951,0.0237136172478634,-0.184495081703886,-0.199501898230983,0.0949765124139889,0.125584083455788,-0.165785373007754,-0.0437370047949131,0.213295084798008,0.0863000020940274,-0.183681850500959,-0.449782507959588,0.15763374366146,0.165435803877434,0.0382851674554821,-0.00679135983117921,0.129933588902343,-0.2097191997611,-0.0869293192645766,-0.110032447241053,-0.164888294998646,0.0537005891749813,-0.0486187633848972,0.0127415770121306,-0.10751679573187,0.229928994324713,0.118448939240094,0.196611607865565,-0.278174195920074,0.122543179465247,0.133535527590472
0.375428390752539,-0.278449667001798,0.238933606924009,-0.0611016221497477,-0.241631586569234,-0.353164182642233,-0.0416011911432132,-0.0182870685977159,0.288724741874417,-0.128408534934709,-0.120264217873055,-0.0313674860915446,-0.069043204088951,0.171043693870104,-0.371485212286045,0.0143780259862376,0.0353977207881501,-0.884514319401987,0.0400299476370411,-0.291399270110527,-0.0342747821851008,0.448258835150386,-0.0316979954293223,0.0614305610411909,0.10333120225661,0.00577831012761907,-0.00428833214907713,0.0283765279215957,-0.0224215191841296,0.124947815771337,0.193563084578874,0.295584458355073,-0.0383979490143802,-0.126355601308991,0.237372606971399,-0.274554579199145,0.226892863197077,-0.22747869255991,-0.117999350289533,0.175535889646,0.274185370521925,-0.0999020235952265,0.0656131304626043,0.0964739797011185,0.00109544574237297,0.247618261176053,-0.0458059164999168,0.204780095925919,-0.047666593608356,0.00902731296404238
0.0270208542526237,-0.0220064963826817,0.0268852261543267,-0.262303295293063,-0.0557997925159894,-0.234392294656598,0.0798822521040495,0.247295824771312,0.245871522443077,-0.412264955999298,0.96869963758263,-0.0627327532630511,0.023574080812271,0.116295878728636,0.176204954806909,0.0852085219538124,-0.0232325359234157,-1.76977307547559,0.27471977934388,0.509438045022669,-0.0283973839701464,-1.0285137832752,0.160066437527699,-0.0252436931487029,-0.104464306495726,-0.195023159960401,0.362719192524104,0.114388383093272,-0.070178400421334,0.312267790410828,0.191127881661551,-0.108370847987497,0.134052771447181,-0.24494543638769,-0.0226695686618561,0.0577553699632136,0.310276046039829,0.0819181610973554,0.425342823997406,-0.120986285333695,0.176001198999946,0.197842459386607,-0.0862289887387745,0.246203824818812,0.128286802842578,0.346796086639576,0.148398422155758,0.0280379971653568,0.0121134689485498,0.152918793944465
-0.0871740593096306,-0.0477670064966947,0.200039346053945,-0.216320625224625,0.123793360479302,-0.0752961901071671,-0.039592042802918,-0.0481138155036282,-0.185304658708598,-0.0460193095813458,-0.0342679198780526,-0.0673855647942888,-0.0697593812277569,-0.038545242271436,-0.232414514425327,0.112521238898612,-0.00256748191344838,-0.251284462140367,0.134891001424321,0.208968055346843,-0.0824644187004061,0.115588790783333,0.136100187511564,-0.0556244339475845,-0.117124153685977,0.219205133130082,0.160259888749819,-0.0526587111299197,-0.00313352417492547,-0.027666838501884,-0.13147216262805,0.0541570550499241,-0.0124480779250571,-0.188256674173677,-0.0628682719069314,-0.0836681622437007,-0.126745589213629,-0.267163923216485,-0.195063387961578,-0.397932776192423,-0.16386415391189,-0.0293520690045668,0.10581233960074,-0.107189639359499,-0.0977981893397749,0.430615875840972,0.0727610521691399,-0.0907673141095068,0.046577583877784,-0.327698987205107
0.00907739035291062,0.0506071757252061,-0.335960734079665,-0.0054867724965201,-0.0565086917465411,-0.155747631044807,-0.218252110587151,0.242022601059831,-0.458974367943621,0.180625009955438,-0.690607061456116,0.0593089177029823,0.0942934768531734,-0.176213141924963,0.0370695327592321,0.0493350890572858,-0.108945618805059,0.630169467949502,-0.00604878369196448,0.191085312795214,0.0482540706195294,0.358123729909153,-0.0358683051839035,0.224606689637284,-0.034591128340369,-0.330552920324346,0.147481322281696,0.0187828867622578,-0.127391925177632,-0.111777514713818,-0.196534738395218,0.184638942459716,0.065689083999091,0.0171433827196531,0.0568864245194419,0.0404799936485303,0.113308345022026,-0.06037302925598,-0.00914944536106669,0.0490508883046975,0.138964343764967,0.0699958129541472,0.0513370963466507,0.0259475283319707,0.158955514164668,-0.356200486801603,-0.0405514737106153,0.0435781030308993,0.0389715750316912,-0.0593238643695203
0.23883441673671,0.142307505335398,-0.78900495855064,-0.00159487453749758,0.0452837968952844,-0.0913332615431081,0.0411487745441569,-0.283614408753632,0.0498136184303794,0.0505627622758947,-0.566990379734265,0.111190738254984,0.149841543142824,-0.072179974725848,-0.223457966111826,0.113413313145709,0.0553048152219908,0.420358112418643,-0.0748215121671943,0.200936971700846,-0.0963520784889493,0.49564564603679,0.0963145157464747,0.152230613469117,0.342025539414981,-0.252143920544134,0.319936444820687,-0.209718089758812,-0.0666598126007957,0.0634986466592024,0.126042924163743,-0.0599158575486054,0.0675268561560246,-0.0545749574272677,-0.326134084886039,0.0359906712383762,-0.194487323357647,-0.191575777983787,-0.33196451859395,0.140034161475924,-0.0344911646477487,0.193545092378012,0.0834413107405521,0.0403936434602264,0.0924113543915052,0.0791050807018047,0.150711526914115,-0.0754989731906383,0.0241034523988089,-0.205750951704493
-0.099617167686865,0.0567111863685757,-0.186610777596776,0.128745340400464,-0.0773798387199102,0.0702687525524679,-0.113922675653233,-0.00777540689179767,0.174277570084684,-0.262652282374833,0.291817528560315,-0.0100367356674719,0.0182076070370428,-0.235219280847367,0.38854133895701,0.123870308078852,-0.10184219868933,-2.10352416850254,-0.447237452279069,0.419191764323601,-0.0162465081981406,-0.711197388836862,0.0412824781417497,-0.173296772441596,0.113622923512297,0.0665982425003183,0.0281168303625833,-0.0206961253354453,0.0630152618774449,0.0483784036294922,0.0490403311936035,0.145488986266168,-0.157656708577198,0.1940991439503,-0.139446186515357,0.176685666214,0.469961530900672,-0.0286962261587834,0.461910200150678,0.00135782301116968,-0.00660384137015837,0.145136247394367,-0.199022568697759,-0.170679237451723,0.0893909922587119,0.568688697368765,0.0866573419024325,0.344314342920361,-0.0279068568738248,-0.222817973927718
-0.0158130442044391,-0.0555218640976943,0.0987925200652676,0.00127257985911506,0.264891889644535,0.159237577436516,0.119664974284703,0.0241910762074091,-0.593992510089639,-0.279823228853572,-0.235898997299105,0.180772468906483,0.0177524596616715,0.100757898939332,-0.175394443249352,0.15540254386488,0.0806411638175406,1.68792434507681,0.112055828757455,-0.338701437704562,0.0143325320066283,0.561560165445405,-0.0251083129695478,0.111300646370843,-0.0246683428041899,0.169696194730778,-0.0726900857025982,-0.114585168234647,0.175527491483311,-0.11577353778489,-0.0454583485435019,0.260241368449158,-0.135621353135151,-0.155635122203118,0.270000234693751,0.238764494346047,-0.0824458984762619,-0.0238756990546751,-0.566603906473374,-0.067693764014965,-0.0150804191581324,-0.24332546734779,-0.0636657624303575,0.324783724418149,0.0535178650122864,-0.418107014316788,0.0113196158479466,-0.324238148462613,-0.018066802089594,-0.190088382572548
-0.0553687988221423,-0.182466136488585,0.0899950297010855,-0.104977966114549,-0.120848347281376,-0.0264873780678895,0.00848487239800401,0.0647688241311633,0.154124903696359,0.0613444529293666,0.163851804720085,-0.1968947891132,0.188028302867825,0.102777259587079,-0.106419783707089,-0.236293695844251,0.0190497652184395,-0.236569976915419,-0.120751421434673,0.0045547232693373,-0.0644368848579562,0.201112358368652,0.207118555924338,0.0172064552411958,0.12557727811681,0.123565861230488,-0.0493306078604387,0.218872815614222,0.205876147400506,-0.110014565380784,-0.0276545300006532,-0.261802466019734,0.120459108572036,-0.108758764237884,-0.0348315141962941,0.120790757192383,-0.0651473906376926,-0.255477079733071,0.0925419012947357,0.108844404242439,-0.111039830672108,-0.0386387237493987,-0.109503433605463,0.125748318578369,0.0296250875711471,-0.0447305349429616,-0.0808780144047583,-0.0957583205931692,0.0461553591706853,0.127094830883866
-0.217170719020722,0.0763616552079698,0.246730446914397,0.0627358617566784,-0.283044329198231,-0.0200613638443101,0.0287022509065892,-0.032056821572637,0.0587996592247981,0.243197094049863,0.251270911815045,-0.222431631240099,-0.100725578900262,-0.165769917920428,0.0776775686027572,-0.18538474233492,0.321032486338815,-0.240214092508544,-0.392752155540586,-0.00410444065727911,-0.0185595206703111,-0.150750131925567,0.0709848042909517,0.160696225999107,-0.166153533643485,-0.121020334173036,0.225820117878383,-0.048467793753171,0.0880382121582372,0.0108230187296724,0.149053725578318,-0.0958996896678214,-0.186283948776056,0.218641931284661,-0.120454445667514,-0.115857685814047,0.0669058753931029,-0.159024488064125,-0.181337744280322,-0.0114531048715596,0.0134577134976631,0.00960257126513657,-0.135353622885509,-0.284831229936359,-0.0614450832800524,0.0837761251508186,-0.387946553499841,-0.0863451960206346,0.0130276358979337,0.0464054811696394
-0.149421585973719,0.272379583803039,-1.15404630570697,-0.06466034114388,0.0241476115887153,-0.0777445142917417,-0.0110820843864805,0.0660551638557205,-0.286806669742363,0.0328132611675581,-0.380288123556844,-0.0832887099354812,-0.137594462955752,0.142692367584427,0.119192089145854,0.21430649179929,-0.0756854278990483,1.01305800168892,-0.198602865436455,-0.167397748911879,-0.00233474770044691,0.768925175508466,-0.000665460185472922,0.284232090565933,-0.0335419918904615,0.0264742195166538,0.271893177933069,-0.0333582929317544,-0.0211312330133905,0.171669347892862,-0.0291920657150389,0.259196972249905,2.42208041961241e-05,-0.0919278708813618,-0.0608572588061017,0.0262906774062886,0.0952432032315508,0.00266354791207044,-0.193577121193265,-0.0275136190633798,0.00662214051434345,-0.0101035591457713,0.0176889255018675,-0.0405424843355104,0.0363636571937488,0.241967039178321,0.230233266225364,-0.39607871215953,0.0150481129517495,0.0985698429228203
0.147441629933051,0.15728351464055,-0.0561891464514382,0.0978037714951278,0.129963748375593,-0.248926949617644,0.00681747483887068,-0.161710505171842,-0.170698011857837,0.36534647285197,-0.079419634828798,0.198426413345906,-0.0408554045432746,0.17530561424302,0.104680135355455,0.0519483847040343,-0.00587894028058368,0.562512391410459,-0.229937733940162,-0.0164388983925281,-0.0575967135586895,0.379886747325766,0.0207606887961562,-0.197974537763387,-0.300072182744926,-0.174074853933594,0.0512450749577401,-0.195315516559438,-0.124422748680909,0.132954325319396,-0.0614489912359809,-0.338892120485455,0.106065529802729,-0.161990998747776,0.00362977776651087,0.0166665327569975,-0.120219948588888,0.0068797169439336,-0.072284558064494,-0.0724105423700716,0.269211684795097,-0.0324210034748343,0.150884058080096,0.11758001615876,-0.0342576016096996,-0.284329578576411,0.0646770706347639,-0.569874099234987,-0.0311106293028481,0.115349409224407
0.368764556845827,-0.389542734681942,0.072071788245223,0.104178067420477,0.0488351040326075,-0.17246019078835,-0.108105495301172,0.0471972861831706,0.256204786745121,-0.14500537966418,-0.222069955439228,0.227581724289758,-0.046441667536706,-0.120436021492642,-0.445495806982758,-0.12484306107258,-0.0807195757822517,0.586492878212782,-0.1779533990008,-0.122703343131153,-0.149615572779044,0.832927185773751,0.0353513626314974,0.154698399602237,-0.309724908228381,-0.157615018756758,0.328323276266104,-0.0970943748769842,0.117467264686599,0.108086698048938,0.272470916923125,-0.256221764030958,0.0989336134009653,0.365883764541376,-0.0762720032424684,0.188876741428371,0.269152447308947,-0.0658072271474224,-0.305097432213126,0.118145336475133,-0.00658202741875159,0.0172096864721953,0.0390939641411449,0.53498144259244,-0.18726296585188,-0.0172250610273526,0.0265854179436977,-0.0773266922000784,-0.115994881265256,0.183928900844191
0.10245520951513,0.164219290076724,1.11993124735524,-0.214070916317453,-0.0503192050759732,-0.22658577732753,0.204537729454656,-0.0348346556674333,-0.0245680994961179,-0.0176873425520524,0.11350359127758,0.0140561291072656,0.13414983274819,-0.0378692639250977,-0.311731851763524,0.239433660256698,-0.0679549792411024,0.967008161857575,0.354100395899335,-0.221540554693787,-0.0630179303401119,0.630085593495045,0.269326252675407,0.139708800181728,-0.242074611981371,0.215804819490828,0.0322069371500927,0.0168448169095111,-0.179120197099742,-0.0989489740909973,-0.137390022107202,0.146771957130168,-0.130053598341884,0.0184434630074663,-0.188228164240887,0.123903510470809,0.00378112861311688,0.0079474582417772,-0.0611276409258818,0.00795448889262826,0.0666471754528789,-0.206271378724373,0.0108808963602924,-0.462260321215956,-0.0178356234342293,-0.181489870042407,0.0132606637339297,-0.514483760903545,-0.0592617701514068,0.124766449444392
0.193561611596829,0.0228157266868816,-0.288131146368425,-0.417948740173831,0.242922440787054,-0.081002106539953,-0.163708663100923,0.00746297951451633,-0.259492724099481,0.0509706182889618,-0.216517317590009,0.019539135460619,-0.0987310663980949,-0.298744125256317,-0.248472777914113,-0.138290005356884,0.0877576190917672,1.46331925135952,0.310726739249067,-0.157488246091998,0.0969399841219536,0.0680140035637192,0.0733504131548856,-0.086542010404065,-0.188118754362972,-0.0186028577513544,0.0901473965673865,0.016828577363425,-0.110623354627855,-0.14438726262212,0.0510925563275581,0.0283742893826154,0.175365622276174,0.157937873046089,0.0618890696424379,-0.618980550921894,-0.295082503733514,-0.0951773044714478,0.0514365570463056,0.036105177744463,0.0524471711681304,-0.106227485676538,0.108022868528944,-0.0463936929564277,0.20327805684139,-0.0424974702868197,-0.0766405808490145,-0.0864623197389452,0.0597038557230474,0.151061769509893
-0.169379469659597,-0.07983328610608,0.543193089704824,-0.265061015355039,0.00672362927980919,0.203891250986649,0.0384892120128667,0.111457958313045,0.0324208592690944,0.344918858550261,0.18884505508285,-0.0983568154080854,-0.0283149025540671,-0.12229189386621,-0.323808156700084,-0.233721056914729,0.148848019073558,0.944290504725836,0.0418425071550464,-0.0733134888744578,0.0624208506610539,0.270273760258871,-0.0836445131565507,-0.0204203338729195,-0.0153426357918493,-0.0724070974288102,0.0803041267093262,0.145451946230312,0.0817242715626651,-0.103466911423501,0.279666946034371,-0.0937472427059432,-0.106884314938583,-0.271869053074321,0.0954489313463116,-0.152983586813071,-0.247075954044456,0.0813908681613821,-0.574136543893566,-0.245819711423582,0.164366019131015,0.07268482669767,0.0464957429119268,0.00762692322530318,0.00231307018571011,0.0868861071719412,0.230582695754721,-0.192953912970334,0.137738253442601,-0.0162890174509497
-0.0318258134954618,0.0576033405585789,-0.199652896692273,0.0152799732357013,0.127430515055374,0.550697303985013,-0.357750792771356,0.183837702088512,-0.445486095706441,0.102492492657716,-0.298538524807464,0.0253773549441975,0.210572798895634,-0.0662725725687282,-0.161479342817325,0.091830224208747,-0.0663268309407665,0.915818358846223,-0.349957632549915,-0.139057235580313,-0.0846019911729794,0.532929018947591,-0.0514991879790192,-0.229284916372398,0.124559621350009,-0.0774450478603503,0.00989729726082529,0.0106731311439267,-0.0460610245413251,-0.0875934525242159,0.208659089237201,0.166099335065097,-0.157001042414755,-0.106595959681211,-0.0116664158354823,0.00368570219138384,-0.125452582555801,-0.130062240881921,-0.564472293183215,0.0597007405995526,-0.0523999573110728,-0.00760303332790189,0.185001349755475,0.0971245798200662,0.0101829616285419,0.121787990072228,-0.255153574068537,-0.216201469292488,-0.0607600990428099,0.0417914514984119
0.215397249319788,-0.186075555685799,-0.119176785275628,-0.225805952373364,0.200152256621701,-0.26157567039594,0.312566902976781,0.140001787556456,0.362910173844174,0.133334417672607,-0.109326414165544,0.00726922543953976,0.00269847004278262,-0.249894465784036,0.0661663110559137,-0.172797265060631,-0.255530169251194,-1.10786850543243,-0.0809079158100583,0.186582044407467,0.0630262686932746,-0.201479400262588,-0.0114587002220357,-0.121572120082592,0.216930314021243,0.0394801669956715,-0.178327021025147,-0.228319483619443,0.120941799646322,0.0615354328899117,-0.0536827787485855,-0.0707446652429375,-0.183616427283189,-0.562271174799882,0.0719837071830664,-0.492022029061579,0.0731729132422273,-0.00559401350922532,0.262252579564317,-0.117825284555117,0.225501337028387,-0.0884553620448745,0.203389103447508,-0.0765900932697222,0.3108423604004,0.62744627331531,0.0684671200642918,0.188520773378063,-0.0632001765040996,0.0384857811498102
-0.397320220966106,0.093197192544287,0.198175044119747,0.159334009617755,-0.02162128722489,0.056141579414347,-0.102315799630094,0.126457798838803,-0.566487723576589,0.0637507343626065,0.0689531131237669,0.0496185808621472,-0.0112573738705944,0.0722937884385371,-0.214881838503284,-0.308826767155298,0.00194425408392895,-0.279623505643568,-0.150744668789482,0.20213685738825,-0.0758202453733993,-0.339777306661374,0.00675868533725182,0.302450469101046,-0.129130061825145,-0.131463249711254,-0.142140229344682,0.13921700435541,0.206774183739292,-0.163973090088645,-0.0904252564781682,-0.181975955716789,-0.0671139501519663,-0.405743053892134,-0.0982964989526589,0.282165999138657,-0.00602399712892977,0.106479279801717,0.0836862591139088,0.188950722399479,-0.0722133424916155,0.0731587293146598,0.0631296529794706,0.102283712540372,0.055312343234068,-0.414271880742869,-0.0688838028968983,-0.0586137899184628,0.101040102893105,0.140718778189371
0.165981322639351,-0.16897671413992,0.468423938794425,0.235716186930847,0.0222390705120317,0.0640427504160301,0.332777833786906,-0.11524214174367,-0.216693650015323,-0.10649244128259,0.497974682039623,0.0646549095693904,-0.0657217703518841,0.302723209173223,-0.200955433255583,-0.00728746539005548,-0.0199339222889346,1.03064621669033,0.0732040044872305,0.0153180775115599,0.16692728372814,-0.22989847696365,-0.0767986475496844,0.246045042035227,0.0096769320908445,0.146428041933747,-0.218985322573644,0.0439147690758517,-0.038119787086647,-0.11598893429271,0.0970711701284003,-0.0472715918217938,0.252123612798077,0.0326115663576681,-0.190163410105691,0.141969416079051,-0.0885064698800871,0.0162155213486073,-0.0280446265005052,-0.365534584090275,0.0351302249236623,-0.29573066096103,-0.0786978296469992,0.266441264544801,-0.0447069898544371,-0.0117313096781909,0.119892228755728,-0.278442182066374,-0.107098982945077,0.0293896202074421
0.0962693270913041,0.162218496567705,0.163088430715646,-0.0843631046222194,-0.124054356191015,0.144202494432749,0.261432454632946,-0.0917170158858244,-0.327885783222067,0.11850346487648,0.201113254672942,-0.116476092214762,0.042611274434668,0.281827493443508,-0.115098860455582,-0.122820665177008,-0.0818339113698521,1.55961309027336,0.139161306713011,-0.156849071690211,0.0215210928228663,0.0155630430026839,0.143727380792692,-0.0499244979026008,-0.0752573203785288,-0.04903855742759,-0.284847931434849,0.268837695837277,0.0185187938932012,-0.339551627239511,0.239690773010573,0.0157431133456394,0.0190484000750567,0.214461253676368,0.0620665168327887,0.350571216546776,-0.289066756206973,-0.296602339058724,-0.516222408532103,0.108556322374514,-0.00901682644284789,-0.174980877553486,0.000174832439760638,0.136351949747419,0.197498331467374,-0.117901606905168,-0.0161504360537201,-0.110521963863808,0.00859444426882241,-0.214187001473415
0.342644802256934,0.0368660107915073,-0.210669007446804,-0.116226835276663,-0.248678783599414,0.135711374217498,-0.136744441884488,0.0768487892494795,-0.316892455037588,-0.368654898468662,-0.494767975493266,0.088822913490021,0.0549669426704087,0.28416054280426,0.0193227860700613,0.0744047805790102,0.0577565840308535,1.01197520055469,0.216876908716194,0.159112146446943,-0.0961161290693569,0.57822502784788,0.0428635534849157,-0.142264730570267,0.218115620951643,0.20340979221884,0.0549093598264372,0.186531287738412,-0.0321957446819333,-0.169967299746984,-0.22847780570663,-0.0705798636804774,0.0083199066222703,-0.207854240416443,0.10404191638281,-0.0344654842089564,-0.237861378059217,0.0977593011295727,-0.5326956853489,0.190558497536183,-0.298287966435275,-0.0811957911268398,0.154380760387034,-0.302510933842907,0.137193619139345,-0.00380046335958229,0.0406927394388258,-0.153769974097751,-0.0489906008547424,-0.214278586548164
-0.184762462271369,-0.0536956483502661,-0.409259347076489,0.0586307880019015,0.104832044886919,0.10898111595694,0.0377795967078768,-0.00596953196447128,0.132026374869091,-0.401764579682554,0.285464900234382,-0.064017679681861,-0.193089444256228,0.151748756619757,-0.356799358830363,0.0532201102251148,-0.0687330260460758,-0.41853148426191,-0.163468011244551,-0.16711485709261,-0.0791454771458289,0.542697100114398,0.0591094597682279,-0.109813990819961,-0.350310062415253,-0.234308385201584,-0.425171780720694,-0.0735601866392934,-0.0560847410869323,0.0978454098800221,-0.234044146497077,-0.0130528925104612,-0.0810601809593755,0.351491094623747,0.166286422492243,0.224573026364279,0.0467453152812539,-0.465409001928923,-0.240485542592334,-0.107734867297193,-0.110500195930149,-0.0944467436698379,-0.00257377312899994,0.275637137833782,0.107325756533224,0.310344586711431,0.232305840992893,-0.138092422302702,-0.0362577327315176,-0.123470575275937
0.151384134946305,0.186161459553194,-0.0976050082919992,-0.103864155024546,0.0713018066335685,-0.109466642058614,0.16990205369825,0.0163126632489118,0.066953061607648,0.0150853027221854,0.0223498999223283,0.0874935778972671,-0.20607465925848,0.115166174013533,0.136297734367514,-0.0334483156045583,0.0704825979165808,0.873845466311098,0.00733495939104982,0.00189952593886948,0.0703796096694419,0.114002026931199,-0.0967156413773437,0.0359027262445025,-0.0417791591623783,-0.272656753108084,-0.153492276402956,-0.121003622963827,0.098202302732366,0.133539780689775,-0.0179466141686852,-0.0563503285719893,0.0576333067651285,-0.216226488770409,-0.216756592368747,-0.110894600736775,-0.433481840275025,0.229647695710628,0.121866410073737,0.0705135768664089,0.0808573361717014,0.0690624823193048,-0.279951805983951,0.225589259412564,-0.0923556927091437,-0.38110384822856,-0.0311784870134778,-0.0811599602397725,-0.0335548779544672,0.140298456265566
-0.172438727552697,-0.294879933378585,0.267835779595222,-0.0301292422843449,0.081377739530288,0.316383466463768,-0.153708055563923,-0.24048105923618,0.105431087948838,0.194150157645599,0.846225596095479,0.0400136297014641,0.00261907489384596,0.302227236490962,0.277499991644708,0.0217099274831342,0.190982258006173,-1.28712887551679,-0.0444392962028485,0.486550008970894,-0.169550825562372,-1.05936215145507,-0.151709416580691,-0.188295367895478,0.202463486528374,-0.147441513555084,-0.0966646642641428,-0.122936074835186,-0.0795301248459925,0.191833086111491,0.387901059390797,0.0176746016081943,-0.0746042544901949,-0.0360538657036007,-0.191656209432986,0.446004820789809,0.513015862725442,0.0436929369182726,0.508657754850351,-0.0727529794268269,0.144523401717365,0.00861001249705448,-0.214398387790435,-0.00132081828817129,0.13422264109409,0.160580573158528,-0.0945314178076749,0.0583622130285079,-0.062696401039999,0.0650262616689535
-0.0265766395088074,0.369309504268505,0.40325697582121,-0.329585762105523,-0.161999468077604,0.0983993611546758,-0.138892054611734,0.118515947613592,-0.242429536368342,0.17779644835719,-0.691037415118579,-0.184714333618564,-0.030693477587507,-0.115565444444442,-0.262327036048318,0.358193213990738,0.229358495251421,2.21395753207061,0.0526741935507374,-0.262652433849646,0.0869762310072098,0.700364499455757,0.0409234322984042,0.188237875090677,-0.268445865602981,-0.0958514922579515,-0.0128936551310913,0.0767351205569481,0.138386241925538,-0.336035541856358,0.419565422709512,0.123859375745245,0.0540331612240406,0.237995479191391,-0.110605235588337,-0.27404370139812,-0.160468880400641,-0.244545284534142,-0.333953111371626,0.33814413806455,-0.0876645246401942,-0.0899764901655252,-0.05848192032609,0.207210635851193,-0.0629322482161795,-0.60053310282109,0.116820253232653,-0.371681776493466,-0.0655710743320613,0.0231332840029619
0.0405544674439611,-0.0237753363855969,-0.292098995563656,-0.274347219596241,-0.0171449444538377,0.262606343271948,-0.000814051573495624,-0.0641913260148202,-0.234508628142945,0.395586414397925,-0.138044582064214,0.0490888901095947,0.278994622253882,0.109212417048084,0.130712206893748,-0.0407574582334308,-0.0772174993650754,0.52092454991045,-0.192279523360325,-0.13731742588237,-0.0828032493633729,0.220801577708508,0.114246343587806,-0.0428876019310587,-0.190792924920639,0.0767281742335514,0.229856743125059,0.0873313002804184,0.0412116048092209,-0.0540541560271709,-0.169813007476086,-0.0183298978978161,0.0353983584921015,-0.138025674659237,0.0434475012422723,-0.399021773578534,-0.00187581342082159,0.0661102150486432,-0.224079126010127,0.0692896745926341,0.126234034301797,-0.0181987529996618,-0.0290555200160232,-0.0944865891615088,0.0966558788085781,0.0569821094348316,0.0204449003289846,0.0868871785252091,-0.0953727211656153,0.0985935247944301
-0.380400067283856,-0.0296373533084199,0.693381633363489,0.310592778013077,0.0922298425242192,0.232932430001178,0.116340687105847,-0.256328756860203,0.423177190380833,0.025592226096243,0.0885610166828125,0.0443804754573211,0.0195375439636382,-0.110452488809396,0.00476264241028414,0.173752736785314,0.118940531068525,-0.0309222310821976,0.058534229059533,-0.163946596663609,-0.201125306808891,0.315294452315671,0.0333211222165217,-0.228558594568732,-0.0108255744858425,0.145415529903808,0.0309736475082468,-0.0266353368151496,-0.041058822512194,0.0263095148721875,0.222411539114769,0.369428795898761,-0.323358881299218,0.11407813092478,-0.0242243375343844,-0.068382421228662,-0.0304344552586729,0.0403363880361613,-0.253890906350187,-0.216039975720793,0.0567293639761753,-0.190714249558747,0.235816643980938,0.22602137392566,0.111562762054515,0.157985411670833,-0.215937270289035,0.107570684724047,0.0415702602069562,0.143806005355168
0.0494252173213719,0.0904580014981631,-0.0353591359849261,-0.421897964766284,-0.182823808910282,0.0942519371523278,0.239981795059591,0.0824903559248239,0.007875361486559,0.316301979254918,-0.0780666120126503,-0.0287446645858177,-0.0710188920108159,0.00162267435471444,-0.013596149477632,0.0110076260359222,0.0931464143690382,0.775913243567413,0.351200620779388,0.102908393824612,0.0519466714749282,-0.607583888553556,0.0295859967468,0.10441039471888,-0.00831914958585409,-0.107258240030575,-0.0903070353432205,-0.0449325335577361,0.108121219628461,0.0324809064903097,-0.00648804841514512,-0.0878780711644285,-0.166108817907164,0.294866650594379,0.0200077998630387,0.0497370040723832,0.274826255217984,-0.245288778743108,-0.010189329236058,0.14165012989016,0.08176938035202,0.124300717398537,-0.0665526675200888,0.0229361849432438,0.137714249854619,0.0937416447783992,-0.080986456206419,-0.34845751862652,-0.0153584499645024,0.265281751826791
-0.0715446079584053,-0.28769193763915,-0.20127483784757,-0.344180066435458,-0.112657340428705,-0.420229666441948,0.182567509925172,0.247485071678368,0.392040297239202,0.147979175945118,0.402577957857453,0.0650557663902386,-0.010468511399672,-0.0729769552194275,-0.232363067805466,0.229599142367762,0.153499653299979,-0.979632739952364,-0.272600584111205,0.0925340374709221,-0.135183610792682,-0.482134394976798,0.0187168800855157,-0.073996644470848,0.13773391945728,0.0543278044554652,-0.0119552055132344,-0.153623468972692,-0.19964076386184,0.191217106476721,-0.590546921778903,0.00947492726658011,-0.224563531400537,-0.283498452078503,-0.0475710777912713,0.209491794407223,0.118868098162998,-0.0795701352189403,0.341773520297088,0.0292805933532905,0.0275975071929858,-0.0727921154927716,0.0587768803855161,0.0108676784607199,0.0412216824786889,0.157026114622314,0.267302134510306,0.446853374402555,-0.00845539603541358,-0.108718900875199
0.312331810569854,-0.183577465927016,0.356468176602759,0.29825497038297,-0.0295895745599138,-0.0480504512727795,-0.193102028438898,0.0984208967382141,0.242785671791693,-0.0353429246716232,-0.578745836127659,0.0375662363720136,-0.162760460115036,-0.14508880806164,-0.225327245947143,-0.11595867857869,0.129028707020415,-0.0651739665855846,-0.346179998452761,-0.28613538465651,-0.134385588165885,0.549019844129724,-0.0831198612390904,-0.100242448355273,-0.314110775217146,-0.123429802451782,0.0404006624770569,-0.121484410706585,0.104080673741033,0.0403422531949413,0.0969132880843339,-0.0798916820368374,0.0246079932092407,0.0933299880174842,0.231765939970247,-0.398064733066082,0.364318199091934,-0.0981364876222294,-0.269713878286026,0.168754824390854,0.154685765489855,0.213249778894897,-0.243318130618382,0.0502816834118755,-0.31323854318581,0.337911785249951,-0.0751528149705077,-0.165336652858529,-0.0271613687837865,-0.0259293032502448
-0.0204428537861223,0.131074432330843,0.428592297639311,-0.391805728908179,-0.0052875756802438,-0.285455919600675,-0.0929789077033572,0.103858828531304,0.0461342038155717,0.131700661924197,-0.526234467576575,0.0246745246359256,0.0185322211878624,-0.0265418343149862,-0.110495847238567,-0.146892355507435,0.136655503995557,-1.00293924792291,0.0350109994193339,0.0398300510190486,0.128379924044454,-0.0212221639174435,-0.0889423952704979,-0.110300572676416,0.0222482448419842,-0.159540470818987,-0.0253769730536911,0.00591378504484585,0.0872319118987029,0.0817729051150803,-0.131999911652302,0.00091128559067199,-0.0160706350134385,-0.240826392021059,-0.0430842869097188,-0.102181739685156,0.0104449224941093,-0.0722241960855128,0.327627204072393,-0.0420251035762207,-0.0900927129036733,-0.0451409209457358,0.176976551563885,0.127936553338875,0.128857355778288,0.224970442143425,0.0551676391373286,0.301222910542164,0.0684239837619318,0.103132167663161
-0.214655896694785,0.0696914649140595,-0.108569860863849,0.293468621084641,0.181671413680682,-0.111448081095491,0.0342789278608872,0.148555599519497,0.154943505826879,-0.301133116165411,-0.302553990186446,0.0248492210901417,-0.027443379742387,0.147457884102414,-0.227716462781947,-0.0289342668604505,0.0225036043610441,0.592080098662258,-0.102022629598365,-0.270491226044033,-0.12298627636205,0.543879110813921,-0.0946003744117037,0.0717664523364831,0.111524931309178,-0.0247648839362602,-0.0479788487667162,0.11705771778942,0.238498506952872,0.231865647424195,-0.0718631686661442,-0.243655538281901,0.0495205790115593,0.0877937912949768,-0.0497986766409586,0.141597439636868,-0.128198374664982,0.0939151891821881,-0.0311741336344648,-0.354639412165796,-0.188284576876199,-0.181229119955702,-0.105304874568953,0.292878491651336,0.103870967850587,0.208186408877104,0.0290041510955209,-0.125213258390798,-0.1167441958953,0.188065663980862
-0.134961698724748,-0.112528811483722,0.431647820504696,0.0342742060611796,-0.304131141492988,0.0712701020707466,-0.0399962209559435,-0.103114536476472,0.643525751781165,0.0382103827054467,0.002471550861446,-0.178336229909755,0.059290352513364,-0.0145827120645397,-0.340263198737581,-0.157270548568196,-0.303974452179505,-1.50207537441098,6.48466415269645e-06,-0.230612231367719,-0.0148939086458602,0.763635231611954,0.265479743644546,-0.233591941728972,-0.301223184837339,0.193216673037261,0.198570867169814,-0.300933579104801,-0.00140044036525282,0.246123219841467,0.0421844714461285,0.153603599458873,-0.270136422744979,-0.380745919075619,0.0763710605251092,0.351316089211639,0.343384774097164,0.0664536827044357,-0.236756430773059,0.0699290295206475,0.175719013784371,-0.207716034014595,-0.112433360148922,-0.399393519224061,0.104731143578266,0.490467486412697,0.0972968129924937,0.366702509090788,0.0375768529163924,0.0880934818800394
0.106838232575106,-0.222491475204157,0.452637271158898,-0.30197794895541,0.0749413650888824,-0.0123957693743194,-0.0773844690615693,0.386717562873482,0.60983195345762,0.128691560456528,0.40727127309275,-0.210062653993166,0.107616800927963,0.121321664060442,0.18582317157338,-0.414098294805731,0.332598380888643,-1.57967990719253,-0.105497934321821,0.330034020886918,-0.0176342845702608,-0.483180278349219,0.0698710799202346,-0.123702127638647,0.121396573758243,-0.19183261776394,0.0780281307818589,0.163959495094666,-0.0776774966698675,0.00524903999907219,0.0806352140285522,0.169730868269767,-0.160376483928546,-0.139625569584415,-0.0714069064334033,-0.195595209745226,0.368273750819194,0.132572079182739,0.450968341007384,-0.0437952226999146,-0.0337211375541031,-0.0823875343041421,-0.184163734571567,0.391311590463747,0.000804599197265748,-0.361244269529479,-0.249127599539922,0.307120907383686,-0.0289771152436083,0.0244494725508046
-0.25147565043168,0.00465069788494995,0.259209823084039,-0.188763385625705,0.129391810533822,0.0422768811079109,-0.033959666001013,-0.157394551834687,0.0433773525316668,-0.00919355548145117,0.578030717815404,0.0204753837331754,0.0398375686385758,0.0653396128567634,0.361098182244406,0.251036705829512,-0.0545905647745696,-1.24708742848842,0.285422723490981,0.14777981276416,0.0873178250551011,-0.470957079843919,0.0487674530953219,-0.0656062713927199,-0.242101724323428,0.00142423931381762,-0.14225464752902,0.00291604989999909,0.046182587102162,0.17030721212385,-0.476510044859407,-0.25595627031871,0.0884663636762038,0.132871533567355,-0.0175330177371025,0.0851022813285516,0.466348554370132,-0.0669332422104276,0.33784371520305,-0.0330326368417508,-0.162944114101077,0.0115150875275869,-0.15298098797662,-0.115418951084241,-0.00261220425873795,-0.0821603398425447,-0.0614334177841791,0.214475330146582,0.0988257951752934,0.0952966627402636
-0.237406064022853,-0.255127344611332,0.254172263538059,-0.225240766063531,0.0531879450137577,-0.0609706321350291,0.0780945210082462,-0.140184954521992,0.741236721678044,-0.0694034321960587,0.0961554209946386,-0.0829035713566821,-0.019827478871591,-0.116980012710378,-0.195677764709787,-0.360524452529307,0.10290688466761,-1.57301341291909,-0.00087370103081831,0.0340988353928023,0.0791825843851832,0.0459135586363155,0.00780372471141965,-0.260648029743655,0.142806216550269,0.0833322730741808,-0.296883907399473,-0.0537634299390558,0.0482541304737428,0.125194393667153,-0.408006277553847,-0.075222540194584,-0.167765506817755,-0.14479905301944,-0.0281391685050181,0.194308822602273,0.293103035480548,-0.0335196309384289,0.301167613705956,0.0718728992729492,-0.237258097022047,0.0785726608822295,0.16631581685432,0.0217869850456882,0.261534275456153,0.303527099166264,-0.0635719419483641,0.334531072093423,0.0398994016453879,0.0472151627787501
0.0432298800701118,0.176351660060644,-0.357527964756118,-0.0215111157971113,-0.095525737898914,-0.0558558492740515,-0.451037548461466,0.105724279207954,-0.396017663713975,0.26329545150572,-0.282999114676686,-0.0717586996447631,-0.0975406551001891,-0.042475235042137,0.0806204344976227,-0.151651574688349,-0.0426324826733059,1.73745239069428,0.176900623449184,-0.277615743482902,-0.206200190771327,0.277483934573807,-0.105012730224997,-0.100981108540514,0.299990859007226,0.174184138535845,0.0793488641983262,0.0970153772326798,0.0986682707042093,-0.019144172552191,0.180564717194881,-0.395465128350303,0.0283467936962567,0.0979302232865848,0.310411032192043,-0.0211865561053001,-0.092125460866666,0.0307412215916728,-0.216615496835014,0.0598180498510608,0.12606864525694,0.0744642095965162,0.0800111487641965,0.23398673551451,0.288868134752815,-0.577135986787765,0.0805548088552552,-0.0485249107987423,-0.106105109491653,0.0237054958066292
